{"_version":"1.5.0","_beatsPerMinute":128,"_beatsPerBar":16,"_noteJumpSpeed":10,"_shuffle":0,"_shufflePeriod":0.25,"_events":[{"_time":0,"_type":0,"_value":1},{"_time":0,"_type":1,"_value":5},{"_time":0,"_type":2,"_value":5},{"_time":0,"_type":4,"_value":1},{"_time":0,"_type":3,"_value":1},{"_time":1,"_type":2,"_value":5},{"_time":1,"_type":1,"_value":5},{"_time":1,"_type":3,"_value":1},{"_time":1,"_type":0,"_value":1},{"_time":1,"_type":4,"_value":1},{"_time":4,"_type":2,"_value":5},{"_time":4,"_type":8,"_value":0},{"_time":4,"_type":0,"_value":5},{"_time":4,"_type":4,"_value":5},{"_time":4,"_type":3,"_value":1},{"_time":4,"_type":1,"_value":1},{"_time":4,"_type":9,"_value":0},{"_time":8,"_type":0,"_value":5},{"_time":8,"_type":9,"_value":0},{"_time":8,"_type":2,"_value":5},{"_time":8,"_type":3,"_value":1},{"_time":8,"_type":1,"_value":1},{"_time":8,"_type":8,"_value":0},{"_time":8,"_type":4,"_value":5},{"_time":12,"_type":4,"_value":1},{"_time":12,"_type":2,"_value":5},{"_time":12,"_type":1,"_value":5},{"_time":12,"_type":9,"_value":0},{"_time":12,"_type":8,"_value":0},{"_time":12,"_type":3,"_value":1},{"_time":12,"_type":0,"_value":1},{"_time":16,"_type":4,"_value":1},{"_time":16,"_type":2,"_value":5},{"_time":16,"_type":1,"_value":5},{"_time":16,"_type":8,"_value":0},{"_time":16,"_type":3,"_value":1},{"_time":16,"_type":0,"_value":1},{"_time":16,"_type":9,"_value":0},{"_time":20,"_type":8,"_value":0},{"_time":20,"_type":1,"_value":1},{"_time":20,"_type":2,"_value":5},{"_time":20,"_type":3,"_value":1},{"_time":20,"_type":9,"_value":0},{"_time":20,"_type":0,"_value":5},{"_time":20,"_type":4,"_value":5},{"_time":24,"_type":0,"_value":5},{"_time":24,"_type":8,"_value":0},{"_time":24,"_type":13,"_value":2},{"_time":24,"_type":4,"_value":5},{"_time":24,"_type":12,"_value":2},{"_time":24,"_type":2,"_value":5},{"_time":24,"_type":1,"_value":1},{"_time":24,"_type":3,"_value":1},{"_time":24,"_type":9,"_value":0},{"_time":28,"_type":9,"_value":0},{"_time":28,"_type":0,"_value":1},{"_time":28,"_type":12,"_value":2},{"_time":28,"_type":3,"_value":1},{"_time":28,"_type":2,"_value":5},{"_time":28,"_type":1,"_value":5},{"_time":28,"_type":13,"_value":2},{"_time":28,"_type":8,"_value":0},{"_time":28,"_type":4,"_value":1},{"_time":32,"_type":13,"_value":2},{"_time":32,"_type":12,"_value":2},{"_time":32,"_type":3,"_value":1},{"_time":32,"_type":2,"_value":5},{"_time":32,"_type":1,"_value":5},{"_time":32,"_type":0,"_value":1},{"_time":32,"_type":9,"_value":0},{"_time":32,"_type":4,"_value":1},{"_time":32,"_type":8,"_value":0},{"_time":36,"_type":2,"_value":1},{"_time":36,"_type":3,"_value":1},{"_time":36,"_type":13,"_value":2},{"_time":36,"_type":12,"_value":2},{"_time":36,"_type":9,"_value":0},{"_time":36,"_type":8,"_value":0},{"_time":36,"_type":4,"_value":1},{"_time":36,"_type":0,"_value":1},{"_time":36,"_type":1,"_value":1},{"_time":40,"_type":9,"_value":0},{"_time":40,"_type":8,"_value":0},{"_time":40,"_type":13,"_value":2},{"_time":40,"_type":12,"_value":2},{"_time":40,"_type":4,"_value":1},{"_time":40,"_type":3,"_value":1},{"_time":40,"_type":2,"_value":1},{"_time":40,"_type":1,"_value":1},{"_time":40,"_type":0,"_value":1},{"_time":44,"_type":13,"_value":2},{"_time":44,"_type":12,"_value":2},{"_time":44,"_type":1,"_value":1},{"_time":44,"_type":0,"_value":1},{"_time":44,"_type":9,"_value":0},{"_time":44,"_type":8,"_value":0},{"_time":44,"_type":4,"_value":1},{"_time":44,"_type":3,"_value":1},{"_time":44,"_type":2,"_value":1},{"_time":45,"_type":1,"_value":5},{"_time":45,"_type":0,"_value":5},{"_time":45,"_type":4,"_value":5},{"_time":45,"_type":3,"_value":5},{"_time":45,"_type":2,"_value":5},{"_time":45,"_type":9,"_value":0},{"_time":45,"_type":8,"_value":0},{"_time":45,"_type":13,"_value":2},{"_time":45,"_type":12,"_value":2},{"_time":46,"_type":3,"_value":1},{"_time":46,"_type":9,"_value":0},{"_time":46,"_type":8,"_value":0},{"_time":46,"_type":2,"_value":1},{"_time":46,"_type":1,"_value":1},{"_time":46,"_type":13,"_value":2},{"_time":46,"_type":12,"_value":2},{"_time":46,"_type":0,"_value":1},{"_time":46,"_type":4,"_value":1},{"_time":48,"_type":1,"_value":1},{"_time":48,"_type":4,"_value":1},{"_time":48,"_type":3,"_value":1},{"_time":48,"_type":13,"_value":2},{"_time":48,"_type":12,"_value":2},{"_time":48,"_type":2,"_value":1},{"_time":48,"_type":0,"_value":1},{"_time":48,"_type":9,"_value":0},{"_time":48,"_type":8,"_value":0},{"_time":52,"_type":8,"_value":0},{"_time":52,"_type":13,"_value":2},{"_time":52,"_type":12,"_value":2},{"_time":52,"_type":4,"_value":5},{"_time":52,"_type":3,"_value":5},{"_time":52,"_type":2,"_value":5},{"_time":52,"_type":1,"_value":5},{"_time":52,"_type":0,"_value":5},{"_time":52,"_type":9,"_value":0},{"_time":56,"_type":12,"_value":2},{"_time":56,"_type":4,"_value":5},{"_time":56,"_type":3,"_value":5},{"_time":56,"_type":2,"_value":5},{"_time":56,"_type":1,"_value":5},{"_time":56,"_type":0,"_value":5},{"_time":56,"_type":9,"_value":0},{"_time":56,"_type":8,"_value":0},{"_time":56,"_type":13,"_value":2},{"_time":60,"_type":3,"_value":5},{"_time":60,"_type":2,"_value":5},{"_time":60,"_type":1,"_value":5},{"_time":60,"_type":0,"_value":5},{"_time":60,"_type":9,"_value":0},{"_time":60,"_type":8,"_value":0},{"_time":60,"_type":13,"_value":2},{"_time":60,"_type":12,"_value":2},{"_time":60,"_type":4,"_value":5},{"_time":61,"_type":9,"_value":0},{"_time":61,"_type":8,"_value":0},{"_time":61,"_type":0,"_value":1},{"_time":61,"_type":1,"_value":1},{"_time":61,"_type":13,"_value":2},{"_time":61,"_type":12,"_value":2},{"_time":61,"_type":2,"_value":1},{"_time":61,"_type":3,"_value":1},{"_time":61,"_type":4,"_value":1},{"_time":62,"_type":9,"_value":0},{"_time":62,"_type":8,"_value":0},{"_time":62,"_type":13,"_value":2},{"_time":62,"_type":12,"_value":2},{"_time":62,"_type":4,"_value":5},{"_time":62,"_type":3,"_value":5},{"_time":62,"_type":2,"_value":5},{"_time":62,"_type":1,"_value":5},{"_time":62,"_type":0,"_value":5},{"_time":63.5,"_type":0,"_value":1},{"_time":63.5,"_type":8,"_value":0},{"_time":63.5,"_type":9,"_value":0},{"_time":63.5,"_type":4,"_value":1},{"_time":63.5,"_type":3,"_value":1},{"_time":63.5,"_type":2,"_value":1},{"_time":63.5,"_type":1,"_value":1},{"_time":63.5,"_type":12,"_value":2},{"_time":63.5,"_type":13,"_value":2},{"_time":68,"_type":3,"_value":5},{"_time":68,"_type":2,"_value":5},{"_time":68,"_type":0,"_value":5},{"_time":68,"_type":1,"_value":5},{"_time":68,"_type":9,"_value":0},{"_time":68,"_type":13,"_value":2},{"_time":68,"_type":12,"_value":2},{"_time":68,"_type":8,"_value":0},{"_time":68,"_type":4,"_value":5},{"_time":72,"_type":0,"_value":5},{"_time":72,"_type":1,"_value":5},{"_time":72,"_type":2,"_value":5},{"_time":72,"_type":13,"_value":2},{"_time":72,"_type":12,"_value":2},{"_time":72,"_type":3,"_value":5},{"_time":72,"_type":4,"_value":5},{"_time":72,"_type":8,"_value":0},{"_time":72,"_type":9,"_value":0},{"_time":76,"_type":0,"_value":5},{"_time":76,"_type":13,"_value":2},{"_time":76,"_type":12,"_value":2},{"_time":76,"_type":1,"_value":5},{"_time":76,"_type":2,"_value":5},{"_time":76,"_type":3,"_value":5},{"_time":76,"_type":4,"_value":5},{"_time":76,"_type":8,"_value":0},{"_time":76,"_type":9,"_value":0},{"_time":80,"_type":12,"_value":2},{"_time":80,"_type":9,"_value":0},{"_time":80,"_type":0,"_value":5},{"_time":80,"_type":1,"_value":5},{"_time":80,"_type":2,"_value":5},{"_time":80,"_type":3,"_value":5},{"_time":80,"_type":4,"_value":5},{"_time":80,"_type":8,"_value":0},{"_time":80,"_type":13,"_value":2},{"_time":84,"_type":12,"_value":2},{"_time":84,"_type":3,"_value":1},{"_time":84,"_type":2,"_value":1},{"_time":84,"_type":1,"_value":1},{"_time":84,"_type":0,"_value":1},{"_time":84,"_type":8,"_value":0},{"_time":84,"_type":9,"_value":0},{"_time":84,"_type":4,"_value":1},{"_time":84,"_type":13,"_value":2},{"_time":88,"_type":0,"_value":1},{"_time":88,"_type":1,"_value":1},{"_time":88,"_type":2,"_value":1},{"_time":88,"_type":3,"_value":1},{"_time":88,"_type":4,"_value":1},{"_time":88,"_type":9,"_value":0},{"_time":88,"_type":13,"_value":2},{"_time":88,"_type":12,"_value":2},{"_time":88,"_type":8,"_value":0},{"_time":92,"_type":8,"_value":0},{"_time":92,"_type":0,"_value":1},{"_time":92,"_type":1,"_value":1},{"_time":92,"_type":2,"_value":1},{"_time":92,"_type":4,"_value":1},{"_time":92,"_type":12,"_value":2},{"_time":92,"_type":13,"_value":2},{"_time":92,"_type":3,"_value":1},{"_time":92,"_type":9,"_value":0},{"_time":96,"_type":8,"_value":0},{"_time":96,"_type":9,"_value":0},{"_time":96,"_type":0,"_value":1},{"_time":96,"_type":1,"_value":1},{"_time":96,"_type":13,"_value":2},{"_time":96,"_type":12,"_value":2},{"_time":96,"_type":2,"_value":1},{"_time":96,"_type":3,"_value":1},{"_time":96,"_type":4,"_value":1},{"_time":100,"_type":9,"_value":0},{"_time":100,"_type":8,"_value":0},{"_time":100,"_type":13,"_value":2},{"_time":100,"_type":12,"_value":2},{"_time":100,"_type":0,"_value":1},{"_time":100,"_type":1,"_value":1},{"_time":100,"_type":3,"_value":1},{"_time":100,"_type":2,"_value":1},{"_time":100,"_type":4,"_value":1},{"_time":104,"_type":13,"_value":2},{"_time":104,"_type":12,"_value":2},{"_time":104,"_type":9,"_value":0},{"_time":104,"_type":8,"_value":0},{"_time":104,"_type":0,"_value":1},{"_time":104,"_type":1,"_value":1},{"_time":104,"_type":2,"_value":1},{"_time":104,"_type":3,"_value":1},{"_time":104,"_type":4,"_value":1},{"_time":108,"_type":3,"_value":5},{"_time":108,"_type":4,"_value":5},{"_time":108,"_type":8,"_value":0},{"_time":108,"_type":9,"_value":0},{"_time":108,"_type":0,"_value":5},{"_time":108,"_type":1,"_value":5},{"_time":108,"_type":2,"_value":5},{"_time":108,"_type":13,"_value":2},{"_time":108,"_type":12,"_value":2},{"_time":112,"_type":3,"_value":5},{"_time":112,"_type":4,"_value":5},{"_time":112,"_type":9,"_value":0},{"_time":112,"_type":8,"_value":0},{"_time":112,"_type":0,"_value":5},{"_time":112,"_type":13,"_value":2},{"_time":112,"_type":12,"_value":2},{"_time":112,"_type":1,"_value":5},{"_time":112,"_type":2,"_value":5},{"_time":116,"_type":4,"_value":1},{"_time":116,"_type":9,"_value":0},{"_time":116,"_type":8,"_value":0},{"_time":116,"_type":13,"_value":2},{"_time":116,"_type":12,"_value":2},{"_time":116,"_type":1,"_value":1},{"_time":116,"_type":0,"_value":1},{"_time":116,"_type":3,"_value":1},{"_time":116,"_type":2,"_value":1},{"_time":117,"_type":4,"_value":5},{"_time":117,"_type":13,"_value":2},{"_time":117,"_type":12,"_value":2},{"_time":117,"_type":2,"_value":5},{"_time":117,"_type":0,"_value":5},{"_time":117,"_type":9,"_value":0},{"_time":117,"_type":8,"_value":0},{"_time":117,"_type":1,"_value":5},{"_time":117,"_type":3,"_value":5},{"_time":118,"_type":12,"_value":2},{"_time":118,"_type":9,"_value":0},{"_time":118,"_type":8,"_value":0},{"_time":118,"_type":4,"_value":3},{"_time":118,"_type":3,"_value":3},{"_time":118,"_type":2,"_value":3},{"_time":118,"_type":1,"_value":3},{"_time":118,"_type":0,"_value":3},{"_time":118,"_type":13,"_value":2},{"_time":119,"_type":1,"_value":5},{"_time":119,"_type":0,"_value":5},{"_time":119,"_type":9,"_value":0},{"_time":119,"_type":8,"_value":0},{"_time":119,"_type":4,"_value":5},{"_time":119,"_type":3,"_value":5},{"_time":119,"_type":13,"_value":2},{"_time":119,"_type":12,"_value":2},{"_time":119,"_type":2,"_value":5},{"_time":120,"_type":8,"_value":0},{"_time":120,"_type":9,"_value":0},{"_time":120,"_type":4,"_value":1},{"_time":120,"_type":3,"_value":1},{"_time":120,"_type":13,"_value":2},{"_time":120,"_type":12,"_value":2},{"_time":120,"_type":2,"_value":1},{"_time":120,"_type":1,"_value":1},{"_time":120,"_type":0,"_value":1},{"_time":121,"_type":1,"_value":5},{"_time":121,"_type":9,"_value":0},{"_time":121,"_type":13,"_value":2},{"_time":121,"_type":12,"_value":2},{"_time":121,"_type":8,"_value":0},{"_time":121,"_type":4,"_value":5},{"_time":121,"_type":3,"_value":5},{"_time":121,"_type":0,"_value":5},{"_time":121,"_type":2,"_value":5},{"_time":122,"_type":13,"_value":2},{"_time":122,"_type":12,"_value":2},{"_time":122,"_type":4,"_value":3},{"_time":122,"_type":9,"_value":0},{"_time":122,"_type":0,"_value":3},{"_time":122,"_type":1,"_value":3},{"_time":122,"_type":2,"_value":3},{"_time":122,"_type":3,"_value":3},{"_time":122,"_type":8,"_value":0},{"_time":123,"_type":4,"_value":5},{"_time":123,"_type":3,"_value":5},{"_time":123,"_type":2,"_value":5},{"_time":123,"_type":1,"_value":5},{"_time":123,"_type":0,"_value":5},{"_time":123,"_type":9,"_value":0},{"_time":123,"_type":8,"_value":0},{"_time":123,"_type":13,"_value":2},{"_time":123,"_type":12,"_value":2},{"_time":124,"_type":2,"_value":1},{"_time":124,"_type":1,"_value":1},{"_time":124,"_type":0,"_value":1},{"_time":124,"_type":8,"_value":0},{"_time":124,"_type":9,"_value":0},{"_time":124,"_type":13,"_value":2},{"_time":124,"_type":12,"_value":2},{"_time":124,"_type":4,"_value":1},{"_time":124,"_type":3,"_value":1},{"_time":125,"_type":4,"_value":5},{"_time":125,"_type":3,"_value":5},{"_time":125,"_type":0,"_value":5},{"_time":125,"_type":13,"_value":2},{"_time":125,"_type":12,"_value":2},{"_time":125,"_type":1,"_value":5},{"_time":125,"_type":9,"_value":0},{"_time":125,"_type":8,"_value":0},{"_time":125,"_type":2,"_value":5},{"_time":126,"_type":2,"_value":3},{"_time":126,"_type":13,"_value":2},{"_time":126,"_type":12,"_value":2},{"_time":126,"_type":1,"_value":3},{"_time":126,"_type":0,"_value":3},{"_time":126,"_type":8,"_value":0},{"_time":126,"_type":9,"_value":0},{"_time":126,"_type":4,"_value":3},{"_time":126,"_type":3,"_value":3},{"_time":127,"_type":12,"_value":2},{"_time":127,"_type":0,"_value":5},{"_time":127,"_type":1,"_value":5},{"_time":127,"_type":2,"_value":5},{"_time":127,"_type":3,"_value":5},{"_time":127,"_type":4,"_value":5},{"_time":127,"_type":9,"_value":0},{"_time":127,"_type":8,"_value":0},{"_time":127,"_type":13,"_value":2},{"_time":128,"_type":8,"_value":0},{"_time":128,"_type":0,"_value":1},{"_time":128,"_type":1,"_value":1},{"_time":128,"_type":2,"_value":1},{"_time":128,"_type":3,"_value":1},{"_time":128,"_type":4,"_value":1},{"_time":128,"_type":13,"_value":2},{"_time":128,"_type":12,"_value":2},{"_time":128,"_type":9,"_value":0},{"_time":128.5,"_type":2,"_value":5},{"_time":128.5,"_type":1,"_value":5},{"_time":128.5,"_type":0,"_value":5},{"_time":128.5,"_type":9,"_value":0},{"_time":128.5,"_type":13,"_value":2},{"_time":128.5,"_type":12,"_value":2},{"_time":128.5,"_type":8,"_value":0},{"_time":128.5,"_type":4,"_value":5},{"_time":128.5,"_type":3,"_value":5},{"_time":129,"_type":0,"_value":1},{"_time":129,"_type":9,"_value":0},{"_time":129,"_type":13,"_value":2},{"_time":129,"_type":12,"_value":2},{"_time":129,"_type":8,"_value":0},{"_time":129,"_type":2,"_value":1},{"_time":129,"_type":4,"_value":1},{"_time":129,"_type":3,"_value":1},{"_time":129,"_type":1,"_value":1},{"_time":129.5,"_type":13,"_value":2},{"_time":129.5,"_type":12,"_value":2},{"_time":129.5,"_type":4,"_value":5},{"_time":129.5,"_type":9,"_value":0},{"_time":129.5,"_type":3,"_value":5},{"_time":129.5,"_type":2,"_value":5},{"_time":129.5,"_type":1,"_value":5},{"_time":129.5,"_type":0,"_value":5},{"_time":129.5,"_type":8,"_value":0},{"_time":130,"_type":9,"_value":0},{"_time":130,"_type":2,"_value":1},{"_time":130,"_type":4,"_value":1},{"_time":130,"_type":3,"_value":1},{"_time":130,"_type":1,"_value":1},{"_time":130,"_type":0,"_value":1},{"_time":130,"_type":8,"_value":0},{"_time":130,"_type":13,"_value":2},{"_time":130,"_type":12,"_value":2},{"_time":130.25,"_type":2,"_value":5},{"_time":130.25,"_type":3,"_value":5},{"_time":130.25,"_type":1,"_value":5},{"_time":130.25,"_type":0,"_value":5},{"_time":130.25,"_type":9,"_value":0},{"_time":130.25,"_type":8,"_value":0},{"_time":130.25,"_type":4,"_value":5},{"_time":130.5,"_type":4,"_value":1},{"_time":130.5,"_type":3,"_value":1},{"_time":130.5,"_type":2,"_value":1},{"_time":130.5,"_type":1,"_value":1},{"_time":130.5,"_type":0,"_value":1},{"_time":130.5,"_type":13,"_value":2},{"_time":130.5,"_type":12,"_value":2},{"_time":130.5,"_type":9,"_value":0},{"_time":130.5,"_type":8,"_value":0},{"_time":130.75,"_type":1,"_value":5},{"_time":130.75,"_type":0,"_value":5},{"_time":130.75,"_type":9,"_value":0},{"_time":130.75,"_type":8,"_value":0},{"_time":130.75,"_type":4,"_value":5},{"_time":130.75,"_type":3,"_value":5},{"_time":130.75,"_type":2,"_value":5},{"_time":131,"_type":2,"_value":0},{"_time":131,"_type":1,"_value":0},{"_time":131,"_type":0,"_value":0},{"_time":131,"_type":13,"_value":2},{"_time":131,"_type":12,"_value":2},{"_time":131,"_type":9,"_value":0},{"_time":131,"_type":8,"_value":0},{"_time":131,"_type":4,"_value":0},{"_time":131,"_type":3,"_value":0},{"_time":132,"_type":2,"_value":7},{"_time":132,"_type":3,"_value":3},{"_time":132,"_type":9,"_value":0},{"_time":132,"_type":0,"_value":1},{"_time":132,"_type":4,"_value":1},{"_time":132,"_type":1,"_value":7},{"_time":132,"_type":13,"_value":2},{"_time":132,"_type":12,"_value":2},{"_time":132,"_type":8,"_value":0},{"_time":133,"_type":3,"_value":3},{"_time":133,"_type":4,"_value":3},{"_time":133,"_type":0,"_value":3},{"_time":133,"_type":2,"_value":7},{"_time":133,"_type":1,"_value":7},{"_time":134,"_type":0,"_value":3},{"_time":134,"_type":1,"_value":7},{"_time":134,"_type":3,"_value":3},{"_time":134,"_type":2,"_value":7},{"_time":134,"_type":4,"_value":3},{"_time":135,"_type":0,"_value":3},{"_time":135,"_type":2,"_value":7},{"_time":135,"_type":3,"_value":3},{"_time":135,"_type":1,"_value":7},{"_time":135,"_type":4,"_value":3},{"_time":136,"_type":1,"_value":7},{"_time":136,"_type":2,"_value":7},{"_time":136,"_type":0,"_value":3},{"_time":136,"_type":9,"_value":0},{"_time":136,"_type":8,"_value":0},{"_time":136,"_type":13,"_value":2},{"_time":136,"_type":3,"_value":3},{"_time":136,"_type":4,"_value":3},{"_time":136,"_type":12,"_value":2},{"_time":137,"_type":3,"_value":3},{"_time":137,"_type":4,"_value":3},{"_time":137,"_type":2,"_value":7},{"_time":137,"_type":1,"_value":7},{"_time":137,"_type":0,"_value":3},{"_time":138,"_type":0,"_value":3},{"_time":138,"_type":3,"_value":3},{"_time":138,"_type":4,"_value":3},{"_time":138,"_type":2,"_value":7},{"_time":138,"_type":1,"_value":7},{"_time":139,"_type":1,"_value":7},{"_time":139,"_type":0,"_value":3},{"_time":139,"_type":3,"_value":3},{"_time":139,"_type":4,"_value":3},{"_time":139,"_type":2,"_value":7},{"_time":140,"_type":4,"_value":7},{"_time":140,"_type":3,"_value":3},{"_time":140,"_type":1,"_value":3},{"_time":140,"_type":12,"_value":2},{"_time":140,"_type":8,"_value":0},{"_time":140,"_type":9,"_value":0},{"_time":140,"_type":2,"_value":7},{"_time":140,"_type":13,"_value":2},{"_time":140,"_type":0,"_value":7},{"_time":141,"_type":3,"_value":3},{"_time":141,"_type":0,"_value":7},{"_time":141,"_type":2,"_value":7},{"_time":141,"_type":4,"_value":7},{"_time":141,"_type":1,"_value":3},{"_time":142,"_type":2,"_value":7},{"_time":142,"_type":3,"_value":3},{"_time":142,"_type":4,"_value":7},{"_time":142,"_type":0,"_value":7},{"_time":142,"_type":1,"_value":3},{"_time":143,"_type":2,"_value":7},{"_time":143,"_type":1,"_value":3},{"_time":143,"_type":0,"_value":7},{"_time":143,"_type":4,"_value":7},{"_time":143,"_type":3,"_value":3},{"_time":144,"_type":1,"_value":3},{"_time":144,"_type":3,"_value":3},{"_time":144,"_type":13,"_value":2},{"_time":144,"_type":12,"_value":2},{"_time":144,"_type":9,"_value":0},{"_time":144,"_type":4,"_value":7},{"_time":144,"_type":0,"_value":7},{"_time":144,"_type":2,"_value":7},{"_time":144,"_type":8,"_value":0},{"_time":145,"_type":3,"_value":3},{"_time":145,"_type":2,"_value":7},{"_time":145,"_type":0,"_value":7},{"_time":145,"_type":4,"_value":7},{"_time":145,"_type":1,"_value":3},{"_time":146,"_type":3,"_value":3},{"_time":146,"_type":4,"_value":7},{"_time":146,"_type":2,"_value":7},{"_time":146,"_type":0,"_value":7},{"_time":146,"_type":1,"_value":3},{"_time":147,"_type":1,"_value":3},{"_time":147,"_type":0,"_value":7},{"_time":147,"_type":4,"_value":7},{"_time":147,"_type":2,"_value":7},{"_time":147,"_type":3,"_value":3},{"_time":148,"_type":13,"_value":2},{"_time":148,"_type":3,"_value":3},{"_time":148,"_type":0,"_value":3},{"_time":148,"_type":4,"_value":3},{"_time":148,"_type":1,"_value":7},{"_time":148,"_type":2,"_value":7},{"_time":148,"_type":12,"_value":2},{"_time":148,"_type":8,"_value":0},{"_time":148,"_type":9,"_value":0},{"_time":149,"_type":2,"_value":7},{"_time":149,"_type":0,"_value":3},{"_time":149,"_type":3,"_value":3},{"_time":149,"_type":1,"_value":7},{"_time":149,"_type":4,"_value":3},{"_time":150,"_type":2,"_value":7},{"_time":150,"_type":1,"_value":7},{"_time":150,"_type":4,"_value":3},{"_time":150,"_type":3,"_value":3},{"_time":150,"_type":0,"_value":3},{"_time":151,"_type":4,"_value":3},{"_time":151,"_type":0,"_value":3},{"_time":151,"_type":2,"_value":7},{"_time":151,"_type":1,"_value":7},{"_time":151,"_type":3,"_value":3},{"_time":152,"_type":2,"_value":7},{"_time":152,"_type":1,"_value":7},{"_time":152,"_type":12,"_value":2},{"_time":152,"_type":0,"_value":3},{"_time":152,"_type":4,"_value":3},{"_time":152,"_type":9,"_value":0},{"_time":152,"_type":8,"_value":0},{"_time":152,"_type":13,"_value":2},{"_time":152,"_type":3,"_value":3},{"_time":153,"_type":1,"_value":7},{"_time":153,"_type":4,"_value":3},{"_time":153,"_type":3,"_value":3},{"_time":153,"_type":2,"_value":7},{"_time":153,"_type":0,"_value":3},{"_time":154,"_type":2,"_value":7},{"_time":154,"_type":0,"_value":3},{"_time":154,"_type":4,"_value":3},{"_time":154,"_type":3,"_value":3},{"_time":154,"_type":1,"_value":7},{"_time":155,"_type":2,"_value":7},{"_time":155,"_type":1,"_value":7},{"_time":155,"_type":0,"_value":3},{"_time":155,"_type":4,"_value":3},{"_time":155,"_type":3,"_value":3},{"_time":156,"_type":4,"_value":7},{"_time":156,"_type":0,"_value":7},{"_time":156,"_type":9,"_value":0},{"_time":156,"_type":13,"_value":2},{"_time":156,"_type":2,"_value":7},{"_time":156,"_type":1,"_value":3},{"_time":156,"_type":3,"_value":3},{"_time":156,"_type":12,"_value":2},{"_time":156,"_type":8,"_value":0},{"_time":157,"_type":4,"_value":7},{"_time":157,"_type":2,"_value":7},{"_time":157,"_type":3,"_value":3},{"_time":157,"_type":1,"_value":3},{"_time":157,"_type":0,"_value":7},{"_time":158,"_type":0,"_value":7},{"_time":158,"_type":1,"_value":3},{"_time":158,"_type":3,"_value":3},{"_time":158,"_type":4,"_value":7},{"_time":158,"_type":2,"_value":7},{"_time":159,"_type":4,"_value":7},{"_time":159,"_type":2,"_value":7},{"_time":159,"_type":1,"_value":3},{"_time":159,"_type":3,"_value":3},{"_time":159,"_type":0,"_value":7},{"_time":160,"_type":3,"_value":3},{"_time":160,"_type":1,"_value":3},{"_time":160,"_type":4,"_value":7},{"_time":160,"_type":0,"_value":7},{"_time":160,"_type":12,"_value":2},{"_time":160,"_type":9,"_value":0},{"_time":160,"_type":8,"_value":0},{"_time":160,"_type":2,"_value":7},{"_time":160,"_type":13,"_value":2},{"_time":160.5,"_type":4,"_value":3},{"_time":160.5,"_type":2,"_value":7},{"_time":160.5,"_type":1,"_value":7},{"_time":160.5,"_type":0,"_value":3},{"_time":160.5,"_type":3,"_value":3},{"_time":161,"_type":4,"_value":7},{"_time":161,"_type":2,"_value":7},{"_time":161,"_type":1,"_value":3},{"_time":161,"_type":0,"_value":7},{"_time":161,"_type":3,"_value":3},{"_time":161.5,"_type":3,"_value":3},{"_time":161.5,"_type":0,"_value":3},{"_time":161.5,"_type":4,"_value":3},{"_time":161.5,"_type":1,"_value":7},{"_time":161.5,"_type":2,"_value":7},{"_time":162,"_type":2,"_value":7},{"_time":162,"_type":3,"_value":3},{"_time":162,"_type":4,"_value":7},{"_time":162,"_type":0,"_value":7},{"_time":162,"_type":1,"_value":3},{"_time":162.5,"_type":2,"_value":7},{"_time":162.5,"_type":1,"_value":7},{"_time":162.5,"_type":3,"_value":3},{"_time":162.5,"_type":0,"_value":3},{"_time":162.5,"_type":4,"_value":3},{"_time":163,"_type":2,"_value":7},{"_time":163,"_type":0,"_value":7},{"_time":163,"_type":4,"_value":7},{"_time":163,"_type":3,"_value":3},{"_time":163,"_type":1,"_value":3},{"_time":163.5,"_type":4,"_value":3},{"_time":163.5,"_type":1,"_value":7},{"_time":163.5,"_type":2,"_value":7},{"_time":163.5,"_type":0,"_value":3},{"_time":163.5,"_type":3,"_value":3},{"_time":164,"_type":4,"_value":1},{"_time":164,"_type":1,"_value":1},{"_time":164,"_type":13,"_value":2},{"_time":164,"_type":3,"_value":1},{"_time":164,"_type":2,"_value":5},{"_time":164,"_type":12,"_value":2},{"_time":164,"_type":8,"_value":0},{"_time":164,"_type":9,"_value":0},{"_time":164,"_type":0,"_value":5},{"_time":168,"_type":4,"_value":1},{"_time":168,"_type":3,"_value":1},{"_time":168,"_type":1,"_value":1},{"_time":168,"_type":12,"_value":2},{"_time":168,"_type":2,"_value":5},{"_time":168,"_type":0,"_value":5},{"_time":168,"_type":9,"_value":0},{"_time":168,"_type":8,"_value":0},{"_time":168,"_type":13,"_value":2},{"_time":172,"_type":4,"_value":5},{"_time":172,"_type":2,"_value":5},{"_time":172,"_type":1,"_value":5},{"_time":172,"_type":13,"_value":2},{"_time":172,"_type":12,"_value":2},{"_time":172,"_type":8,"_value":0},{"_time":172,"_type":9,"_value":0},{"_time":172,"_type":3,"_value":1},{"_time":172,"_type":0,"_value":1},{"_time":176,"_type":9,"_value":0},{"_time":176,"_type":3,"_value":1},{"_time":176,"_type":2,"_value":5},{"_time":176,"_type":4,"_value":5},{"_time":176,"_type":8,"_value":0},{"_time":176,"_type":13,"_value":2},{"_time":176,"_type":12,"_value":2},{"_time":176,"_type":1,"_value":5},{"_time":176,"_type":0,"_value":1},{"_time":180,"_type":12,"_value":2},{"_time":180,"_type":8,"_value":0},{"_time":180,"_type":9,"_value":0},{"_time":180,"_type":0,"_value":1},{"_time":180,"_type":4,"_value":1},{"_time":180,"_type":3,"_value":1},{"_time":180,"_type":2,"_value":1},{"_time":180,"_type":1,"_value":1},{"_time":180,"_type":13,"_value":2},{"_time":183,"_type":8,"_value":0},{"_time":183,"_type":9,"_value":0},{"_time":183,"_type":12,"_value":2},{"_time":183,"_type":13,"_value":2},{"_time":183,"_type":1,"_value":5},{"_time":183,"_type":0,"_value":5},{"_time":183,"_type":2,"_value":5},{"_time":183,"_type":3,"_value":5},{"_time":183,"_type":4,"_value":5},{"_time":184,"_type":9,"_value":0},{"_time":184,"_type":8,"_value":0},{"_time":184,"_type":13,"_value":2},{"_time":184,"_type":12,"_value":2},{"_time":184,"_type":0,"_value":5},{"_time":184,"_type":1,"_value":5},{"_time":184,"_type":3,"_value":5},{"_time":184,"_type":4,"_value":5},{"_time":184,"_type":2,"_value":5},{"_time":188,"_type":1,"_value":1},{"_time":188,"_type":0,"_value":1},{"_time":188,"_type":2,"_value":1},{"_time":188,"_type":3,"_value":1},{"_time":188,"_type":4,"_value":1},{"_time":188,"_type":13,"_value":2},{"_time":188,"_type":12,"_value":2},{"_time":188,"_type":8,"_value":0},{"_time":188,"_type":9,"_value":0},{"_time":191,"_type":4,"_value":5},{"_time":191,"_type":8,"_value":0},{"_time":191,"_type":9,"_value":0},{"_time":191,"_type":12,"_value":2},{"_time":191,"_type":13,"_value":2},{"_time":191,"_type":1,"_value":5},{"_time":191,"_type":0,"_value":5},{"_time":191,"_type":2,"_value":5},{"_time":191,"_type":3,"_value":5},{"_time":192,"_type":0,"_value":0},{"_time":192,"_type":9,"_value":0},{"_time":192,"_type":8,"_value":0},{"_time":192,"_type":13,"_value":2},{"_time":192,"_type":12,"_value":2},{"_time":192,"_type":4,"_value":0},{"_time":192,"_type":3,"_value":0},{"_time":192,"_type":2,"_value":0},{"_time":192,"_type":1,"_value":0},{"_time":196,"_type":9,"_value":0},{"_time":196,"_type":13,"_value":2},{"_time":196,"_type":4,"_value":6},{"_time":196,"_type":3,"_value":6},{"_time":196,"_type":2,"_value":6},{"_time":196,"_type":1,"_value":6},{"_time":196,"_type":0,"_value":6},{"_time":196,"_type":12,"_value":2},{"_time":196,"_type":8,"_value":0},{"_time":200,"_type":4,"_value":2},{"_time":200,"_type":2,"_value":2},{"_time":200,"_type":9,"_value":0},{"_time":200,"_type":8,"_value":0},{"_time":200,"_type":13,"_value":2},{"_time":200,"_type":12,"_value":2},{"_time":200,"_type":0,"_value":2},{"_time":200,"_type":1,"_value":2},{"_time":200,"_type":3,"_value":2},{"_time":204,"_type":12,"_value":2},{"_time":204,"_type":4,"_value":1},{"_time":204,"_type":1,"_value":1},{"_time":204,"_type":0,"_value":5},{"_time":204,"_type":8,"_value":0},{"_time":204,"_type":9,"_value":0},{"_time":204,"_type":13,"_value":2},{"_time":204,"_type":3,"_value":1},{"_time":204,"_type":2,"_value":5},{"_time":208,"_type":13,"_value":2},{"_time":208,"_type":12,"_value":2},{"_time":208,"_type":3,"_value":1},{"_time":208,"_type":2,"_value":5},{"_time":208,"_type":0,"_value":1},{"_time":208,"_type":1,"_value":5},{"_time":208,"_type":4,"_value":5},{"_time":208,"_type":9,"_value":0},{"_time":208,"_type":8,"_value":0},{"_time":212,"_type":12,"_value":2},{"_time":212,"_type":8,"_value":0},{"_time":212,"_type":9,"_value":0},{"_time":212,"_type":0,"_value":6},{"_time":212,"_type":2,"_value":6},{"_time":212,"_type":3,"_value":6},{"_time":212,"_type":1,"_value":6},{"_time":212,"_type":4,"_value":6},{"_time":212,"_type":13,"_value":2},{"_time":216,"_type":3,"_value":2},{"_time":216,"_type":2,"_value":2},{"_time":216,"_type":1,"_value":2},{"_time":216,"_type":0,"_value":2},{"_time":216,"_type":9,"_value":0},{"_time":216,"_type":8,"_value":0},{"_time":216,"_type":13,"_value":2},{"_time":216,"_type":12,"_value":2},{"_time":216,"_type":4,"_value":2},{"_time":220,"_type":1,"_value":1},{"_time":220,"_type":0,"_value":5},{"_time":220,"_type":8,"_value":0},{"_time":220,"_type":9,"_value":0},{"_time":220,"_type":2,"_value":5},{"_time":220,"_type":13,"_value":2},{"_time":220,"_type":3,"_value":1},{"_time":220,"_type":12,"_value":2},{"_time":220,"_type":4,"_value":1},{"_time":224,"_type":2,"_value":5},{"_time":224,"_type":3,"_value":1},{"_time":224,"_type":4,"_value":5},{"_time":224,"_type":1,"_value":5},{"_time":224,"_type":0,"_value":1},{"_time":224,"_type":9,"_value":0},{"_time":224,"_type":8,"_value":0},{"_time":224,"_type":13,"_value":2},{"_time":224,"_type":12,"_value":2},{"_time":228,"_type":1,"_value":1},{"_time":228,"_type":13,"_value":2},{"_time":228,"_type":12,"_value":2},{"_time":228,"_type":8,"_value":0},{"_time":228,"_type":9,"_value":0},{"_time":228,"_type":0,"_value":5},{"_time":228,"_type":2,"_value":5},{"_time":228,"_type":3,"_value":1},{"_time":228,"_type":4,"_value":1},{"_time":232,"_type":1,"_value":5},{"_time":232,"_type":2,"_value":5},{"_time":232,"_type":3,"_value":1},{"_time":232,"_type":0,"_value":1},{"_time":232,"_type":9,"_value":0},{"_time":232,"_type":8,"_value":0},{"_time":232,"_type":13,"_value":2},{"_time":232,"_type":12,"_value":2},{"_time":232,"_type":4,"_value":5},{"_time":236,"_type":9,"_value":0},{"_time":236,"_type":3,"_value":1},{"_time":236,"_type":1,"_value":1},{"_time":236,"_type":4,"_value":1},{"_time":236,"_type":13,"_value":2},{"_time":236,"_type":2,"_value":5},{"_time":236,"_type":0,"_value":5},{"_time":236,"_type":12,"_value":2},{"_time":236,"_type":8,"_value":0},{"_time":240,"_type":9,"_value":0},{"_time":240,"_type":8,"_value":0},{"_time":240,"_type":13,"_value":2},{"_time":240,"_type":0,"_value":1},{"_time":240,"_type":12,"_value":2},{"_time":240,"_type":2,"_value":5},{"_time":240,"_type":1,"_value":5},{"_time":240,"_type":4,"_value":5},{"_time":240,"_type":3,"_value":1},{"_time":244,"_type":13,"_value":2},{"_time":244,"_type":12,"_value":2},{"_time":244,"_type":1,"_value":1},{"_time":244,"_type":4,"_value":1},{"_time":244,"_type":2,"_value":5},{"_time":244,"_type":0,"_value":5},{"_time":244,"_type":9,"_value":0},{"_time":244,"_type":8,"_value":0},{"_time":244,"_type":3,"_value":1},{"_time":248,"_type":12,"_value":2},{"_time":248,"_type":3,"_value":1},{"_time":248,"_type":2,"_value":5},{"_time":248,"_type":0,"_value":1},{"_time":248,"_type":1,"_value":5},{"_time":248,"_type":4,"_value":5},{"_time":248,"_type":8,"_value":0},{"_time":248,"_type":9,"_value":0},{"_time":248,"_type":13,"_value":2},{"_time":252,"_type":9,"_value":0},{"_time":252,"_type":2,"_value":5},{"_time":252,"_type":1,"_value":1},{"_time":252,"_type":4,"_value":1},{"_time":252,"_type":0,"_value":5},{"_time":252,"_type":8,"_value":0},{"_time":252,"_type":3,"_value":1},{"_time":252,"_type":13,"_value":2},{"_time":252,"_type":12,"_value":2},{"_time":256,"_type":2,"_value":5},{"_time":256,"_type":4,"_value":5},{"_time":256,"_type":1,"_value":5},{"_time":256,"_type":0,"_value":1},{"_time":256,"_type":9,"_value":0},{"_time":256,"_type":13,"_value":2},{"_time":256,"_type":12,"_value":2},{"_time":256,"_type":3,"_value":1},{"_time":256,"_type":8,"_value":0},{"_time":260,"_type":2,"_value":5},{"_time":260,"_type":0,"_value":5},{"_time":260,"_type":1,"_value":1},{"_time":260,"_type":4,"_value":1},{"_time":260,"_type":3,"_value":1},{"_time":260,"_type":13,"_value":2},{"_time":260,"_type":12,"_value":2},{"_time":260,"_type":9,"_value":0},{"_time":260,"_type":8,"_value":0},{"_time":264,"_type":1,"_value":5},{"_time":264,"_type":13,"_value":2},{"_time":264,"_type":12,"_value":2},{"_time":264,"_type":0,"_value":1},{"_time":264,"_type":3,"_value":1},{"_time":264,"_type":8,"_value":0},{"_time":264,"_type":9,"_value":0},{"_time":264,"_type":2,"_value":5},{"_time":264,"_type":4,"_value":5},{"_time":268,"_type":0,"_value":5},{"_time":268,"_type":13,"_value":2},{"_time":268,"_type":1,"_value":1},{"_time":268,"_type":4,"_value":1},{"_time":268,"_type":12,"_value":2},{"_time":268,"_type":9,"_value":0},{"_time":268,"_type":8,"_value":0},{"_time":268,"_type":3,"_value":1},{"_time":268,"_type":2,"_value":5},{"_time":272,"_type":3,"_value":1},{"_time":272,"_type":8,"_value":0},{"_time":272,"_type":9,"_value":0},{"_time":272,"_type":0,"_value":1},{"_time":272,"_type":13,"_value":2},{"_time":272,"_type":2,"_value":5},{"_time":272,"_type":4,"_value":5},{"_time":272,"_type":1,"_value":5},{"_time":272,"_type":12,"_value":2},{"_time":276,"_type":12,"_value":2},{"_time":276,"_type":9,"_value":0},{"_time":276,"_type":1,"_value":1},{"_time":276,"_type":4,"_value":1},{"_time":276,"_type":8,"_value":0},{"_time":276,"_type":3,"_value":1},{"_time":276,"_type":13,"_value":2},{"_time":276,"_type":2,"_value":5},{"_time":276,"_type":0,"_value":5},{"_time":280,"_type":13,"_value":2},{"_time":280,"_type":12,"_value":2},{"_time":280,"_type":2,"_value":5},{"_time":280,"_type":0,"_value":1},{"_time":280,"_type":4,"_value":5},{"_time":280,"_type":1,"_value":5},{"_time":280,"_type":3,"_value":1},{"_time":280,"_type":8,"_value":0},{"_time":280,"_type":9,"_value":0},{"_time":284,"_type":8,"_value":0},{"_time":284,"_type":3,"_value":1},{"_time":284,"_type":1,"_value":1},{"_time":284,"_type":4,"_value":1},{"_time":284,"_type":13,"_value":2},{"_time":284,"_type":12,"_value":2},{"_time":284,"_type":2,"_value":5},{"_time":284,"_type":0,"_value":5},{"_time":284,"_type":9,"_value":0},{"_time":288,"_type":2,"_value":5},{"_time":288,"_type":4,"_value":5},{"_time":288,"_type":1,"_value":5},{"_time":288,"_type":0,"_value":1},{"_time":288,"_type":8,"_value":0},{"_time":288,"_type":9,"_value":0},{"_time":288,"_type":13,"_value":2},{"_time":288,"_type":12,"_value":2},{"_time":288,"_type":3,"_value":1},{"_time":291,"_type":13,"_value":2},{"_time":291,"_type":12,"_value":2},{"_time":291,"_type":9,"_value":0},{"_time":291,"_type":8,"_value":0},{"_time":291,"_type":4,"_value":3},{"_time":291,"_type":3,"_value":3},{"_time":291,"_type":1,"_value":3},{"_time":291,"_type":2,"_value":7},{"_time":291,"_type":0,"_value":7}],"_notes":[{"_time":4,"_lineIndex":0,"_lineLayer":0,"_type":0,"_cutDirection":1},{"_time":4.5,"_lineIndex":2,"_lineLayer":0,"_type":1,"_cutDirection":1},{"_time":5,"_lineIndex":1,"_lineLayer":0,"_type":0,"_cutDirection":0},{"_time":5.25,"_lineIndex":3,"_lineLayer":0,"_type":1,"_cutDirection":0},{"_time":5.75,"_lineIndex":2,"_lineLayer":0,"_type":1,"_cutDirection":1},{"_time":6.25,"_lineIndex":1,"_lineLayer":0,"_type":0,"_cutDirection":1},{"_time":6.5,"_lineIndex":3,"_lineLayer":0,"_type":1,"_cutDirection":0},{"_time":7,"_lineIndex":2,"_lineLayer":0,"_type":1,"_cutDirection":1},{"_time":7.5,"_lineIndex":1,"_lineLayer":0,"_type":1,"_cutDirection":0},{"_time":8,"_lineIndex":0,"_lineLayer":0,"_type":0,"_cutDirection":0},{"_time":8.5,"_lineIndex":2,"_lineLayer":0,"_type":1,"_cutDirection":1},{"_time":9,"_lineIndex":1,"_lineLayer":0,"_type":0,"_cutDirection":1},{"_time":9.25,"_lineIndex":3,"_lineLayer":0,"_type":1,"_cutDirection":0},{"_time":9.5,"_lineIndex":0,"_lineLayer":0,"_type":0,"_cutDirection":0},{"_time":9.75,"_lineIndex":2,"_lineLayer":0,"_type":1,"_cutDirection":1},{"_time":10.25,"_lineIndex":3,"_lineLayer":0,"_type":1,"_cutDirection":0},{"_time":10.5,"_lineIndex":3,"_lineLayer":1,"_type":1,"_cutDirection":1},{"_time":11,"_lineIndex":2,"_lineLayer":0,"_type":1,"_cutDirection":0},{"_time":11.75,"_lineIndex":3,"_lineLayer":0,"_type":1,"_cutDirection":1},{"_time":12,"_lineIndex":3,"_lineLayer":1,"_type":1,"_cutDirection":0},{"_time":12,"_lineIndex":0,"_lineLayer":0,"_type":0,"_cutDirection":1},{"_time":12.5,"_lineIndex":2,"_lineLayer":0,"_type":1,"_cutDirection":1},{"_time":13,"_lineIndex":1,"_lineLayer":0,"_type":0,"_cutDirection":0},{"_time":13.25,"_lineIndex":3,"_lineLayer":0,"_type":1,"_cutDirection":0},{"_time":13.75,"_lineIndex":2,"_lineLayer":0,"_type":1,"_cutDirection":1},{"_time":14.25,"_lineIndex":1,"_lineLayer":0,"_type":0,"_cutDirection":1},{"_time":14.5,"_lineIndex":3,"_lineLayer":0,"_type":1,"_cutDirection":0},{"_time":15,"_lineIndex":2,"_lineLayer":0,"_type":1,"_cutDirection":1},{"_time":15.5,"_lineIndex":1,"_lineLayer":0,"_type":1,"_cutDirection":0},{"_time":16,"_lineIndex":0,"_lineLayer":0,"_type":0,"_cutDirection":0},{"_time":16.5,"_lineIndex":2,"_lineLayer":0,"_type":1,"_cutDirection":1},{"_time":17,"_lineIndex":1,"_lineLayer":0,"_type":0,"_cutDirection":1},{"_time":17.75,"_lineIndex":2,"_lineLayer":0,"_type":1,"_cutDirection":1},{"_time":18.25,"_lineIndex":3,"_lineLayer":0,"_type":1,"_cutDirection":0},{"_time":18.5,"_lineIndex":3,"_lineLayer":1,"_type":1,"_cutDirection":1},{"_time":19,"_lineIndex":1,"_lineLayer":1,"_type":0,"_cutDirection":0},{"_time":19,"_lineIndex":2,"_lineLayer":1,"_type":1,"_cutDirection":0},{"_time":20,"_lineIndex":1,"_lineLayer":0,"_type":0,"_cutDirection":1},{"_time":20,"_lineIndex":2,"_lineLayer":0,"_type":1,"_cutDirection":1},{"_time":21,"_lineIndex":1,"_lineLayer":0,"_type":0,"_cutDirection":0},{"_time":21,"_lineIndex":2,"_lineLayer":0,"_type":1,"_cutDirection":0},{"_time":21.75,"_lineIndex":0,"_lineLayer":0,"_type":0,"_cutDirection":6},{"_time":21.75,"_lineIndex":3,"_lineLayer":0,"_type":1,"_cutDirection":7},{"_time":23.5,"_lineIndex":2,"_lineLayer":0,"_type":1,"_cutDirection":1},{"_time":24,"_lineIndex":1,"_lineLayer":0,"_type":0,"_cutDirection":1},{"_time":25,"_lineIndex":1,"_lineLayer":0,"_type":0,"_cutDirection":1},{"_time":25.75,"_lineIndex":3,"_lineLayer":0,"_type":1,"_cutDirection":1},{"_time":26,"_lineIndex":3,"_lineLayer":1,"_type":1,"_cutDirection":0},{"_time":26.5,"_lineIndex":2,"_lineLayer":0,"_type":1,"_cutDirection":1},{"_time":26.5,"_lineIndex":1,"_lineLayer":0,"_type":0,"_cutDirection":1},{"_time":27,"_lineIndex":3,"_lineLayer":0,"_type":1,"_cutDirection":0},{"_time":27,"_lineIndex":0,"_lineLayer":0,"_type":0,"_cutDirection":0},{"_time":28,"_lineIndex":3,"_lineLayer":1,"_type":1,"_cutDirection":3},{"_time":28,"_lineIndex":0,"_lineLayer":1,"_type":0,"_cutDirection":2},{"_time":29,"_lineIndex":2,"_lineLayer":0,"_type":1,"_cutDirection":1},{"_time":29,"_lineIndex":1,"_lineLayer":0,"_type":0,"_cutDirection":1},{"_time":29.75,"_lineIndex":2,"_lineLayer":0,"_type":1,"_cutDirection":0},{"_time":29.75,"_lineIndex":1,"_lineLayer":0,"_type":0,"_cutDirection":0},{"_time":31.5,"_lineIndex":3,"_lineLayer":0,"_type":1,"_cutDirection":0},{"_time":32,"_lineIndex":2,"_lineLayer":0,"_type":0,"_cutDirection":1},{"_time":32.25,"_lineIndex":3,"_lineLayer":0,"_type":1,"_cutDirection":1},{"_time":32.5,"_lineIndex":2,"_lineLayer":0,"_type":0,"_cutDirection":0},{"_time":32.75,"_lineIndex":3,"_lineLayer":0,"_type":1,"_cutDirection":0},{"_time":33,"_lineIndex":1,"_lineLayer":0,"_type":0,"_cutDirection":1},{"_time":33.25,"_lineIndex":2,"_lineLayer":0,"_type":1,"_cutDirection":1},{"_time":33.5,"_lineIndex":1,"_lineLayer":0,"_type":0,"_cutDirection":0},{"_time":33.75,"_lineIndex":2,"_lineLayer":0,"_type":1,"_cutDirection":0},{"_time":34,"_lineIndex":0,"_lineLayer":0,"_type":0,"_cutDirection":1},{"_time":34.25,"_lineIndex":1,"_lineLayer":0,"_type":1,"_cutDirection":1},{"_time":35.5,"_lineIndex":2,"_lineLayer":0,"_type":1,"_cutDirection":0},{"_time":35.5,"_lineIndex":1,"_lineLayer":0,"_type":0,"_cutDirection":0},{"_time":36,"_lineIndex":0,"_lineLayer":1,"_type":0,"_cutDirection":8},{"_time":36,"_lineIndex":3,"_lineLayer":1,"_type":1,"_cutDirection":8},{"_time":37,"_lineIndex":2,"_lineLayer":0,"_type":1,"_cutDirection":0},{"_time":37.75,"_lineIndex":1,"_lineLayer":0,"_type":0,"_cutDirection":0},{"_time":39,"_lineIndex":3,"_lineLayer":0,"_type":1,"_cutDirection":7},{"_time":39.5,"_lineIndex":0,"_lineLayer":1,"_type":0,"_cutDirection":2},{"_time":40,"_lineIndex":0,"_lineLayer":2,"_type":1,"_cutDirection":2},{"_time":41,"_lineIndex":1,"_lineLayer":0,"_type":0,"_cutDirection":1},{"_time":41.75,"_lineIndex":3,"_lineLayer":0,"_type":1,"_cutDirection":1},{"_time":42,"_lineIndex":3,"_lineLayer":1,"_type":1,"_cutDirection":0},{"_time":42.5,"_lineIndex":2,"_lineLayer":0,"_type":1,"_cutDirection":1},{"_time":43,"_lineIndex":3,"_lineLayer":1,"_type":0,"_cutDirection":3},{"_time":44,"_lineIndex":2,"_lineLayer":0,"_type":1,"_cutDirection":1},{"_time":44,"_lineIndex":1,"_lineLayer":0,"_type":0,"_cutDirection":1},{"_time":45,"_lineIndex":2,"_lineLayer":0,"_type":1,"_cutDirection":0},{"_time":45.75,"_lineIndex":1,"_lineLayer":0,"_type":0,"_cutDirection":0},{"_time":47,"_lineIndex":3,"_lineLayer":0,"_type":1,"_cutDirection":7},{"_time":47.5,"_lineIndex":0,"_lineLayer":1,"_type":0,"_cutDirection":2},{"_time":48,"_lineIndex":0,"_lineLayer":2,"_type":1,"_cutDirection":2},{"_time":49,"_lineIndex":1,"_lineLayer":0,"_type":0,"_cutDirection":1},{"_time":49.75,"_lineIndex":3,"_lineLayer":0,"_type":1,"_cutDirection":1},{"_time":50,"_lineIndex":3,"_lineLayer":1,"_type":1,"_cutDirection":0},{"_time":50.5,"_lineIndex":2,"_lineLayer":0,"_type":1,"_cutDirection":1},{"_time":51,"_lineIndex":3,"_lineLayer":1,"_type":0,"_cutDirection":3},{"_time":52,"_lineIndex":2,"_lineLayer":0,"_type":1,"_cutDirection":1},{"_time":52,"_lineIndex":1,"_lineLayer":0,"_type":0,"_cutDirection":1},{"_time":53,"_lineIndex":1,"_lineLayer":0,"_type":0,"_cutDirection":0},{"_time":53.75,"_lineIndex":2,"_lineLayer":0,"_type":1,"_cutDirection":1},{"_time":55,"_lineIndex":0,"_lineLayer":0,"_type":0,"_cutDirection":6},{"_time":55.5,"_lineIndex":3,"_lineLayer":1,"_type":1,"_cutDirection":3},{"_time":56,"_lineIndex":3,"_lineLayer":2,"_type":0,"_cutDirection":3},{"_time":57,"_lineIndex":2,"_lineLayer":0,"_type":1,"_cutDirection":1},{"_time":57.75,"_lineIndex":0,"_lineLayer":0,"_type":0,"_cutDirection":1},{"_time":58,"_lineIndex":0,"_lineLayer":1,"_type":0,"_cutDirection":0},{"_time":58.5,"_lineIndex":1,"_lineLayer":0,"_type":0,"_cutDirection":1},{"_time":59,"_lineIndex":0,"_lineLayer":1,"_type":1,"_cutDirection":2},{"_time":60,"_lineIndex":2,"_lineLayer":0,"_type":1,"_cutDirection":1},{"_time":60,"_lineIndex":1,"_lineLayer":0,"_type":0,"_cutDirection":1},{"_time":61,"_lineIndex":2,"_lineLayer":0,"_type":1,"_cutDirection":0},{"_time":61,"_lineIndex":1,"_lineLayer":0,"_type":0,"_cutDirection":0},{"_time":61.75,"_lineIndex":2,"_lineLayer":0,"_type":1,"_cutDirection":1},{"_time":62.25,"_lineIndex":1,"_lineLayer":0,"_type":0,"_cutDirection":1},{"_time":62.5,"_lineIndex":2,"_lineLayer":0,"_type":1,"_cutDirection":0},{"_time":62.75,"_lineIndex":1,"_lineLayer":0,"_type":0,"_cutDirection":0},{"_time":63.5,"_lineIndex":3,"_lineLayer":0,"_type":1,"_cutDirection":7},{"_time":63.5,"_lineIndex":1,"_lineLayer":1,"_type":0,"_cutDirection":6},{"_time":63.5,"_lineIndex":0,"_lineLayer":0,"_type":0,"_cutDirection":6},{"_time":63.5,"_lineIndex":2,"_lineLayer":1,"_type":1,"_cutDirection":7},{"_time":65,"_lineIndex":2,"_lineLayer":0,"_type":1,"_cutDirection":0},{"_time":65.75,"_lineIndex":0,"_lineLayer":0,"_type":0,"_cutDirection":1},{"_time":66,"_lineIndex":0,"_lineLayer":1,"_type":0,"_cutDirection":0},{"_time":66.5,"_lineIndex":1,"_lineLayer":0,"_type":0,"_cutDirection":1},{"_time":67,"_lineIndex":0,"_lineLayer":1,"_type":1,"_cutDirection":2},{"_time":67.5,"_lineIndex":3,"_lineLayer":0,"_type":1,"_cutDirection":7},{"_time":67.5,"_lineIndex":0,"_lineLayer":0,"_type":0,"_cutDirection":6},{"_time":68.5,"_lineIndex":2,"_lineLayer":1,"_type":1,"_cutDirection":2},{"_time":69.25,"_lineIndex":1,"_lineLayer":1,"_type":0,"_cutDirection":3},{"_time":70,"_lineIndex":2,"_lineLayer":0,"_type":1,"_cutDirection":1},{"_time":70.75,"_lineIndex":0,"_lineLayer":1,"_type":0,"_cutDirection":2},{"_time":71.5,"_lineIndex":3,"_lineLayer":1,"_type":1,"_cutDirection":3},{"_time":72.5,"_lineIndex":1,"_lineLayer":0,"_type":0,"_cutDirection":1},{"_time":73.25,"_lineIndex":1,"_lineLayer":0,"_type":0,"_cutDirection":0},{"_time":74,"_lineIndex":0,"_lineLayer":1,"_type":0,"_cutDirection":2},{"_time":74.75,"_lineIndex":3,"_lineLayer":1,"_type":1,"_cutDirection":3},{"_time":75.5,"_lineIndex":2,"_lineLayer":0,"_type":1,"_cutDirection":1},{"_time":76.5,"_lineIndex":1,"_lineLayer":0,"_type":0,"_cutDirection":1},{"_time":77.25,"_lineIndex":0,"_lineLayer":1,"_type":0,"_cutDirection":2},{"_time":78,"_lineIndex":2,"_lineLayer":1,"_type":1,"_cutDirection":2},{"_time":78.75,"_lineIndex":3,"_lineLayer":1,"_type":1,"_cutDirection":3},{"_time":79.5,"_lineIndex":2,"_lineLayer":0,"_type":1,"_cutDirection":1},{"_time":80,"_lineIndex":1,"_lineLayer":0,"_type":0,"_cutDirection":1},{"_time":80.5,"_lineIndex":2,"_lineLayer":0,"_type":1,"_cutDirection":0},{"_time":81,"_lineIndex":1,"_lineLayer":0,"_type":0,"_cutDirection":0},{"_time":81.5,"_lineIndex":2,"_lineLayer":0,"_type":1,"_cutDirection":1},{"_time":82,"_lineIndex":0,"_lineLayer":0,"_type":0,"_cutDirection":6},{"_time":82.5,"_lineIndex":3,"_lineLayer":0,"_type":1,"_cutDirection":7},{"_time":83,"_lineIndex":2,"_lineLayer":1,"_type":1,"_cutDirection":2},{"_time":83.5,"_lineIndex":1,"_lineLayer":1,"_type":0,"_cutDirection":3},{"_time":84.5,"_lineIndex":3,"_lineLayer":1,"_type":1,"_cutDirection":3},{"_time":85.25,"_lineIndex":0,"_lineLayer":1,"_type":0,"_cutDirection":2},{"_time":86,"_lineIndex":2,"_lineLayer":0,"_type":1,"_cutDirection":1},{"_time":86.75,"_lineIndex":1,"_lineLayer":0,"_type":0,"_cutDirection":0},{"_time":87.5,"_lineIndex":0,"_lineLayer":1,"_type":0,"_cutDirection":2},{"_time":88.5,"_lineIndex":2,"_lineLayer":0,"_type":1,"_cutDirection":1},{"_time":89.25,"_lineIndex":3,"_lineLayer":0,"_type":1,"_cutDirection":0},{"_time":90,"_lineIndex":2,"_lineLayer":1,"_type":1,"_cutDirection":2},{"_time":90.75,"_lineIndex":3,"_lineLayer":1,"_type":1,"_cutDirection":3},{"_time":91.5,"_lineIndex":0,"_lineLayer":1,"_type":0,"_cutDirection":2},{"_time":92,"_lineIndex":1,"_lineLayer":0,"_type":0,"_cutDirection":0},{"_time":93,"_lineIndex":2,"_lineLayer":0,"_type":1,"_cutDirection":0},{"_time":93.5,"_lineIndex":1,"_lineLayer":0,"_type":0,"_cutDirection":1},{"_time":94,"_lineIndex":3,"_lineLayer":1,"_type":1,"_cutDirection":3},{"_time":94.75,"_lineIndex":2,"_lineLayer":1,"_type":1,"_cutDirection":2},{"_time":95.5,"_lineIndex":0,"_lineLayer":1,"_type":0,"_cutDirection":2},{"_time":96,"_lineIndex":1,"_lineLayer":1,"_type":0,"_cutDirection":3},{"_time":96.5,"_lineIndex":0,"_lineLayer":1,"_type":0,"_cutDirection":2},{"_time":97.5,"_lineIndex":2,"_lineLayer":0,"_type":1,"_cutDirection":1},{"_time":97.5,"_lineIndex":1,"_lineLayer":0,"_type":0,"_cutDirection":1},{"_time":98,"_lineIndex":2,"_lineLayer":0,"_type":1,"_cutDirection":0},{"_time":98,"_lineIndex":1,"_lineLayer":0,"_type":0,"_cutDirection":0},{"_time":99,"_lineIndex":3,"_lineLayer":0,"_type":1,"_cutDirection":1},{"_time":99,"_lineIndex":0,"_lineLayer":0,"_type":0,"_cutDirection":1},{"_time":100,"_lineIndex":2,"_lineLayer":0,"_type":1,"_cutDirection":0},{"_time":100,"_lineIndex":1,"_lineLayer":0,"_type":0,"_cutDirection":0},{"_time":101,"_lineIndex":2,"_lineLayer":0,"_type":1,"_cutDirection":1},{"_time":101.75,"_lineIndex":3,"_lineLayer":1,"_type":1,"_cutDirection":3},{"_time":103.5,"_lineIndex":2,"_lineLayer":1,"_type":1,"_cutDirection":2},{"_time":104,"_lineIndex":0,"_lineLayer":0,"_type":0,"_cutDirection":1},{"_time":105.5,"_lineIndex":0,"_lineLayer":0,"_type":0,"_cutDirection":0},{"_time":105.75,"_lineIndex":2,"_lineLayer":0,"_type":1,"_cutDirection":1},{"_time":106.25,"_lineIndex":3,"_lineLayer":0,"_type":1,"_cutDirection":0},{"_time":106.5,"_lineIndex":2,"_lineLayer":0,"_type":1,"_cutDirection":1},{"_time":107,"_lineIndex":3,"_lineLayer":1,"_type":1,"_cutDirection":0},{"_time":108,"_lineIndex":0,"_lineLayer":1,"_type":0,"_cutDirection":2},{"_time":109,"_lineIndex":1,"_lineLayer":0,"_type":0,"_cutDirection":1},{"_time":109.75,"_lineIndex":3,"_lineLayer":1,"_type":1,"_cutDirection":3},{"_time":111.5,"_lineIndex":2,"_lineLayer":0,"_type":1,"_cutDirection":1},{"_time":112,"_lineIndex":0,"_lineLayer":1,"_type":0,"_cutDirection":2},{"_time":113.5,"_lineIndex":1,"_lineLayer":0,"_type":0,"_cutDirection":0},{"_time":113.75,"_lineIndex":2,"_lineLayer":0,"_type":1,"_cutDirection":1},{"_time":114.25,"_lineIndex":3,"_lineLayer":0,"_type":1,"_cutDirection":0},{"_time":114.5,"_lineIndex":2,"_lineLayer":0,"_type":1,"_cutDirection":1},{"_time":115,"_lineIndex":3,"_lineLayer":1,"_type":1,"_cutDirection":0},{"_time":116,"_lineIndex":1,"_lineLayer":0,"_type":1,"_cutDirection":1},{"_time":116,"_lineIndex":0,"_lineLayer":0,"_type":0,"_cutDirection":1},{"_time":117,"_lineIndex":2,"_lineLayer":1,"_type":1,"_cutDirection":3},{"_time":117,"_lineIndex":0,"_lineLayer":0,"_type":0,"_cutDirection":1},{"_time":117.75,"_lineIndex":2,"_lineLayer":2,"_type":1,"_cutDirection":5},{"_time":117.75,"_lineIndex":0,"_lineLayer":2,"_type":0,"_cutDirection":0},{"_time":118.5,"_lineIndex":1,"_lineLayer":0,"_type":0,"_cutDirection":1},{"_time":119.5,"_lineIndex":2,"_lineLayer":0,"_type":1,"_cutDirection":1},{"_time":120,"_lineIndex":1,"_lineLayer":0,"_type":0,"_cutDirection":0},{"_time":121.5,"_lineIndex":0,"_lineLayer":1,"_type":0,"_cutDirection":2},{"_time":121.75,"_lineIndex":2,"_lineLayer":0,"_type":1,"_cutDirection":1},{"_time":122.25,"_lineIndex":3,"_lineLayer":0,"_type":1,"_cutDirection":0},{"_time":122.5,"_lineIndex":2,"_lineLayer":0,"_type":1,"_cutDirection":1},{"_time":123,"_lineIndex":3,"_lineLayer":1,"_type":1,"_cutDirection":0},{"_time":124,"_lineIndex":1,"_lineLayer":0,"_type":1,"_cutDirection":1},{"_time":124,"_lineIndex":0,"_lineLayer":0,"_type":0,"_cutDirection":1},{"_time":125,"_lineIndex":2,"_lineLayer":1,"_type":1,"_cutDirection":3},{"_time":125,"_lineIndex":0,"_lineLayer":0,"_type":0,"_cutDirection":1},{"_time":125.75,"_lineIndex":0,"_lineLayer":2,"_type":0,"_cutDirection":0},{"_time":125.75,"_lineIndex":2,"_lineLayer":2,"_type":1,"_cutDirection":5},{"_time":127,"_lineIndex":2,"_lineLayer":0,"_type":1,"_cutDirection":1},{"_time":127.5,"_lineIndex":1,"_lineLayer":0,"_type":0,"_cutDirection":1},{"_time":128,"_lineIndex":2,"_lineLayer":0,"_type":1,"_cutDirection":0},{"_time":128.5,"_lineIndex":1,"_lineLayer":0,"_type":0,"_cutDirection":0},{"_time":129,"_lineIndex":2,"_lineLayer":0,"_type":1,"_cutDirection":1},{"_time":129.25,"_lineIndex":1,"_lineLayer":0,"_type":0,"_cutDirection":1},{"_time":129.5,"_lineIndex":2,"_lineLayer":0,"_type":1,"_cutDirection":0},{"_time":129.75,"_lineIndex":1,"_lineLayer":0,"_type":0,"_cutDirection":0},{"_time":130,"_lineIndex":2,"_lineLayer":0,"_type":1,"_cutDirection":1},{"_time":130.25,"_lineIndex":1,"_lineLayer":0,"_type":0,"_cutDirection":1},{"_time":130.5,"_lineIndex":2,"_lineLayer":0,"_type":1,"_cutDirection":0},{"_time":130.75,"_lineIndex":1,"_lineLayer":0,"_type":0,"_cutDirection":0},{"_time":131.5,"_lineIndex":2,"_lineLayer":0,"_type":3,"_cutDirection":0},{"_time":131.5,"_lineIndex":2,"_lineLayer":1,"_type":3,"_cutDirection":0},{"_time":131.5,"_lineIndex":1,"_lineLayer":1,"_type":3,"_cutDirection":0},{"_time":131.5,"_lineIndex":1,"_lineLayer":0,"_type":3,"_cutDirection":0},{"_time":132,"_lineIndex":1,"_lineLayer":2,"_type":0,"_cutDirection":8},{"_time":132,"_lineIndex":2,"_lineLayer":2,"_type":1,"_cutDirection":8},{"_time":133,"_lineIndex":1,"_lineLayer":0,"_type":0,"_cutDirection":0},{"_time":133.75,"_lineIndex":2,"_lineLayer":0,"_type":1,"_cutDirection":1},{"_time":134,"_lineIndex":0,"_lineLayer":1,"_type":0,"_cutDirection":2},{"_time":134,"_lineIndex":2,"_lineLayer":1,"_type":1,"_cutDirection":0},{"_time":135,"_lineIndex":0,"_lineLayer":1,"_type":0,"_cutDirection":3},{"_time":135.75,"_lineIndex":2,"_lineLayer":0,"_type":1,"_cutDirection":1},{"_time":136,"_lineIndex":2,"_lineLayer":1,"_type":1,"_cutDirection":0},{"_time":136,"_lineIndex":1,"_lineLayer":0,"_type":0,"_cutDirection":1},{"_time":137,"_lineIndex":1,"_lineLayer":0,"_type":0,"_cutDirection":0},{"_time":137.75,"_lineIndex":2,"_lineLayer":0,"_type":1,"_cutDirection":1},{"_time":138,"_lineIndex":2,"_lineLayer":1,"_type":1,"_cutDirection":0},{"_time":138,"_lineIndex":0,"_lineLayer":1,"_type":0,"_cutDirection":2},{"_time":139,"_lineIndex":0,"_lineLayer":1,"_type":0,"_cutDirection":3},{"_time":139.5,"_lineIndex":2,"_lineLayer":2,"_type":1,"_cutDirection":1},{"_time":139.625,"_lineIndex":2,"_lineLayer":1,"_type":1,"_cutDirection":8},{"_time":139.75,"_lineIndex":2,"_lineLayer":0,"_type":1,"_cutDirection":1},{"_time":140,"_lineIndex":1,"_lineLayer":0,"_type":0,"_cutDirection":1},{"_time":140.5,"_lineIndex":2,"_lineLayer":1,"_type":1,"_cutDirection":0},{"_time":141,"_lineIndex":1,"_lineLayer":0,"_type":0,"_cutDirection":0},{"_time":141.75,"_lineIndex":2,"_lineLayer":0,"_type":1,"_cutDirection":1},{"_time":142,"_lineIndex":0,"_lineLayer":1,"_type":0,"_cutDirection":2},{"_time":142,"_lineIndex":2,"_lineLayer":1,"_type":1,"_cutDirection":0},{"_time":143,"_lineIndex":0,"_lineLayer":1,"_type":0,"_cutDirection":3},{"_time":143.5,"_lineIndex":2,"_lineLayer":2,"_type":1,"_cutDirection":1},{"_time":143.625,"_lineIndex":2,"_lineLayer":1,"_type":1,"_cutDirection":8},{"_time":143.75,"_lineIndex":2,"_lineLayer":0,"_type":1,"_cutDirection":1},{"_time":144,"_lineIndex":1,"_lineLayer":0,"_type":0,"_cutDirection":1},{"_time":144.5,"_lineIndex":2,"_lineLayer":1,"_type":1,"_cutDirection":0},{"_time":145,"_lineIndex":1,"_lineLayer":0,"_type":0,"_cutDirection":0},{"_time":145.75,"_lineIndex":2,"_lineLayer":0,"_type":1,"_cutDirection":1},{"_time":146,"_lineIndex":2,"_lineLayer":1,"_type":1,"_cutDirection":0},{"_time":146,"_lineIndex":0,"_lineLayer":1,"_type":0,"_cutDirection":2},{"_time":147,"_lineIndex":2,"_lineLayer":0,"_type":1,"_cutDirection":1},{"_time":147,"_lineIndex":0,"_lineLayer":1,"_type":0,"_cutDirection":3},{"_time":147.5,"_lineIndex":1,"_lineLayer":0,"_type":0,"_cutDirection":1},{"_time":148,"_lineIndex":3,"_lineLayer":0,"_type":1,"_cutDirection":0},{"_time":148.5,"_lineIndex":3,"_lineLayer":0,"_type":1,"_cutDirection":1},{"_time":149,"_lineIndex":1,"_lineLayer":0,"_type":0,"_cutDirection":0},{"_time":149.75,"_lineIndex":3,"_lineLayer":0,"_type":1,"_cutDirection":1},{"_time":150,"_lineIndex":1,"_lineLayer":1,"_type":0,"_cutDirection":2},{"_time":150,"_lineIndex":3,"_lineLayer":1,"_type":1,"_cutDirection":0},{"_time":151,"_lineIndex":2,"_lineLayer":0,"_type":0,"_cutDirection":1},{"_time":151.5,"_lineIndex":1,"_lineLayer":0,"_type":0,"_cutDirection":0},{"_time":151.75,"_lineIndex":3,"_lineLayer":0,"_type":1,"_cutDirection":1},{"_time":152,"_lineIndex":3,"_lineLayer":1,"_type":1,"_cutDirection":0},{"_time":152,"_lineIndex":2,"_lineLayer":0,"_type":0,"_cutDirection":1},{"_time":153,"_lineIndex":1,"_lineLayer":0,"_type":0,"_cutDirection":0},{"_time":153.75,"_lineIndex":3,"_lineLayer":0,"_type":1,"_cutDirection":1},{"_time":154,"_lineIndex":1,"_lineLayer":1,"_type":0,"_cutDirection":2},{"_time":154,"_lineIndex":3,"_lineLayer":1,"_type":1,"_cutDirection":0},{"_time":155,"_lineIndex":2,"_lineLayer":0,"_type":0,"_cutDirection":1},{"_time":155.5,"_lineIndex":1,"_lineLayer":0,"_type":0,"_cutDirection":0},{"_time":155.5,"_lineIndex":3,"_lineLayer":2,"_type":1,"_cutDirection":1},{"_time":155.625,"_lineIndex":3,"_lineLayer":1,"_type":1,"_cutDirection":8},{"_time":155.75,"_lineIndex":3,"_lineLayer":0,"_type":1,"_cutDirection":1},{"_time":156,"_lineIndex":2,"_lineLayer":0,"_type":0,"_cutDirection":1},{"_time":156.5,"_lineIndex":3,"_lineLayer":1,"_type":1,"_cutDirection":0},{"_time":157,"_lineIndex":1,"_lineLayer":0,"_type":0,"_cutDirection":0},{"_time":158,"_lineIndex":1,"_lineLayer":1,"_type":0,"_cutDirection":2},{"_time":158.75,"_lineIndex":3,"_lineLayer":0,"_type":1,"_cutDirection":1},{"_time":159,"_lineIndex":3,"_lineLayer":1,"_type":1,"_cutDirection":0},{"_time":159.75,"_lineIndex":0,"_lineLayer":2,"_type":0,"_cutDirection":1},{"_time":159.75,"_lineIndex":3,"_lineLayer":2,"_type":1,"_cutDirection":1},{"_time":159.875,"_lineIndex":0,"_lineLayer":1,"_type":0,"_cutDirection":8},{"_time":159.875,"_lineIndex":3,"_lineLayer":1,"_type":1,"_cutDirection":8},{"_time":160,"_lineIndex":0,"_lineLayer":0,"_type":0,"_cutDirection":1},{"_time":160,"_lineIndex":3,"_lineLayer":0,"_type":1,"_cutDirection":1},{"_time":161,"_lineIndex":2,"_lineLayer":0,"_type":1,"_cutDirection":2},{"_time":161,"_lineIndex":1,"_lineLayer":0,"_type":0,"_cutDirection":3},{"_time":162,"_lineIndex":0,"_lineLayer":1,"_type":0,"_cutDirection":4},{"_time":162,"_lineIndex":1,"_lineLayer":0,"_type":0,"_cutDirection":4},{"_time":162,"_lineIndex":3,"_lineLayer":1,"_type":1,"_cutDirection":5},{"_time":162,"_lineIndex":2,"_lineLayer":0,"_type":1,"_cutDirection":5},{"_time":163,"_lineIndex":2,"_lineLayer":1,"_type":1,"_cutDirection":2},{"_time":163,"_lineIndex":1,"_lineLayer":1,"_type":0,"_cutDirection":3},{"_time":164,"_lineIndex":2,"_lineLayer":0,"_type":1,"_cutDirection":1},{"_time":164,"_lineIndex":1,"_lineLayer":0,"_type":0,"_cutDirection":1},{"_time":165,"_lineIndex":2,"_lineLayer":0,"_type":1,"_cutDirection":0},{"_time":166,"_lineIndex":1,"_lineLayer":0,"_type":0,"_cutDirection":0},{"_time":167,"_lineIndex":3,"_lineLayer":0,"_type":1,"_cutDirection":7},{"_time":167.5,"_lineIndex":0,"_lineLayer":1,"_type":0,"_cutDirection":2},{"_time":168,"_lineIndex":0,"_lineLayer":2,"_type":1,"_cutDirection":2},{"_time":169,"_lineIndex":1,"_lineLayer":0,"_type":0,"_cutDirection":1},{"_time":169.75,"_lineIndex":3,"_lineLayer":0,"_type":1,"_cutDirection":1},{"_time":170,"_lineIndex":3,"_lineLayer":1,"_type":1,"_cutDirection":0},{"_time":170.5,"_lineIndex":2,"_lineLayer":0,"_type":1,"_cutDirection":1},{"_time":171,"_lineIndex":3,"_lineLayer":1,"_type":0,"_cutDirection":3},{"_time":172,"_lineIndex":1,"_lineLayer":0,"_type":0,"_cutDirection":1},{"_time":172,"_lineIndex":2,"_lineLayer":0,"_type":1,"_cutDirection":1},{"_time":173,"_lineIndex":2,"_lineLayer":0,"_type":1,"_cutDirection":0},{"_time":174,"_lineIndex":1,"_lineLayer":0,"_type":0,"_cutDirection":0},{"_time":175,"_lineIndex":3,"_lineLayer":0,"_type":1,"_cutDirection":7},{"_time":175.5,"_lineIndex":0,"_lineLayer":1,"_type":0,"_cutDirection":2},{"_time":176,"_lineIndex":0,"_lineLayer":2,"_type":1,"_cutDirection":2},{"_time":177,"_lineIndex":1,"_lineLayer":0,"_type":0,"_cutDirection":1},{"_time":177.75,"_lineIndex":3,"_lineLayer":0,"_type":1,"_cutDirection":1},{"_time":178,"_lineIndex":3,"_lineLayer":1,"_type":1,"_cutDirection":0},{"_time":178.5,"_lineIndex":2,"_lineLayer":0,"_type":1,"_cutDirection":1},{"_time":179,"_lineIndex":3,"_lineLayer":1,"_type":0,"_cutDirection":3},{"_time":180,"_lineIndex":2,"_lineLayer":0,"_type":1,"_cutDirection":1},{"_time":180,"_lineIndex":1,"_lineLayer":0,"_type":0,"_cutDirection":1},{"_time":181,"_lineIndex":1,"_lineLayer":0,"_type":0,"_cutDirection":0},{"_time":182,"_lineIndex":2,"_lineLayer":0,"_type":1,"_cutDirection":0},{"_time":183,"_lineIndex":0,"_lineLayer":0,"_type":0,"_cutDirection":6},{"_time":183.5,"_lineIndex":3,"_lineLayer":1,"_type":1,"_cutDirection":3},{"_time":184,"_lineIndex":3,"_lineLayer":2,"_type":0,"_cutDirection":3},{"_time":185,"_lineIndex":2,"_lineLayer":0,"_type":1,"_cutDirection":1},{"_time":185.75,"_lineIndex":0,"_lineLayer":0,"_type":0,"_cutDirection":1},{"_time":186,"_lineIndex":0,"_lineLayer":1,"_type":0,"_cutDirection":0},{"_time":186.5,"_lineIndex":1,"_lineLayer":0,"_type":0,"_cutDirection":1},{"_time":187,"_lineIndex":0,"_lineLayer":1,"_type":1,"_cutDirection":2},{"_time":188,"_lineIndex":1,"_lineLayer":0,"_type":0,"_cutDirection":1},{"_time":188,"_lineIndex":2,"_lineLayer":0,"_type":1,"_cutDirection":1},{"_time":189,"_lineIndex":1,"_lineLayer":0,"_type":0,"_cutDirection":0},{"_time":190,"_lineIndex":2,"_lineLayer":0,"_type":1,"_cutDirection":0},{"_time":191,"_lineIndex":0,"_lineLayer":0,"_type":0,"_cutDirection":6},{"_time":192,"_lineIndex":2,"_lineLayer":0,"_type":1,"_cutDirection":1},{"_time":192.25,"_lineIndex":1,"_lineLayer":0,"_type":0,"_cutDirection":1},{"_time":192.5,"_lineIndex":2,"_lineLayer":0,"_type":1,"_cutDirection":0},{"_time":192.75,"_lineIndex":1,"_lineLayer":0,"_type":0,"_cutDirection":0},{"_time":193,"_lineIndex":2,"_lineLayer":0,"_type":1,"_cutDirection":1},{"_time":193.25,"_lineIndex":1,"_lineLayer":0,"_type":0,"_cutDirection":1},{"_time":193.5,"_lineIndex":2,"_lineLayer":0,"_type":1,"_cutDirection":0},{"_time":193.75,"_lineIndex":1,"_lineLayer":0,"_type":0,"_cutDirection":0},{"_time":194.5,"_lineIndex":1,"_lineLayer":1,"_type":3,"_cutDirection":1},{"_time":194.5,"_lineIndex":2,"_lineLayer":0,"_type":3,"_cutDirection":1},{"_time":194.5,"_lineIndex":1,"_lineLayer":0,"_type":3,"_cutDirection":1},{"_time":194.5,"_lineIndex":2,"_lineLayer":1,"_type":3,"_cutDirection":1},{"_time":195,"_lineIndex":2,"_lineLayer":2,"_type":1,"_cutDirection":8},{"_time":195,"_lineIndex":1,"_lineLayer":2,"_type":0,"_cutDirection":8},{"_time":197,"_lineIndex":1,"_lineLayer":0,"_type":0,"_cutDirection":1},{"_time":197.5,"_lineIndex":2,"_lineLayer":0,"_type":1,"_cutDirection":1},{"_time":198,"_lineIndex":1,"_lineLayer":0,"_type":0,"_cutDirection":0},{"_time":198.5,"_lineIndex":2,"_lineLayer":0,"_type":1,"_cutDirection":0},{"_time":198.75,"_lineIndex":1,"_lineLayer":0,"_type":0,"_cutDirection":1},{"_time":200,"_lineIndex":1,"_lineLayer":0,"_type":0,"_cutDirection":1},{"_time":200.25,"_lineIndex":2,"_lineLayer":0,"_type":1,"_cutDirection":1},{"_time":200.75,"_lineIndex":1,"_lineLayer":0,"_type":0,"_cutDirection":0},{"_time":201,"_lineIndex":2,"_lineLayer":0,"_type":1,"_cutDirection":0},{"_time":201.5,"_lineIndex":1,"_lineLayer":0,"_type":0,"_cutDirection":1},{"_time":201.75,"_lineIndex":2,"_lineLayer":0,"_type":1,"_cutDirection":1},{"_time":202,"_lineIndex":1,"_lineLayer":0,"_type":0,"_cutDirection":0},{"_time":202.5,"_lineIndex":2,"_lineLayer":0,"_type":1,"_cutDirection":0},{"_time":202.75,"_lineIndex":1,"_lineLayer":0,"_type":0,"_cutDirection":1},{"_time":204,"_lineIndex":0,"_lineLayer":0,"_type":0,"_cutDirection":1},{"_time":204.5,"_lineIndex":1,"_lineLayer":0,"_type":1,"_cutDirection":1},{"_time":205,"_lineIndex":0,"_lineLayer":0,"_type":0,"_cutDirection":0},{"_time":205.5,"_lineIndex":1,"_lineLayer":0,"_type":1,"_cutDirection":0},{"_time":206,"_lineIndex":0,"_lineLayer":0,"_type":0,"_cutDirection":1},{"_time":206.25,"_lineIndex":1,"_lineLayer":0,"_type":1,"_cutDirection":1},{"_time":206.75,"_lineIndex":0,"_lineLayer":1,"_type":0,"_cutDirection":0},{"_time":208,"_lineIndex":3,"_lineLayer":0,"_type":1,"_cutDirection":1},{"_time":208.5,"_lineIndex":2,"_lineLayer":0,"_type":0,"_cutDirection":1},{"_time":209,"_lineIndex":3,"_lineLayer":0,"_type":1,"_cutDirection":0},{"_time":209.5,"_lineIndex":2,"_lineLayer":0,"_type":0,"_cutDirection":0},{"_time":210,"_lineIndex":3,"_lineLayer":0,"_type":1,"_cutDirection":1},{"_time":210.25,"_lineIndex":2,"_lineLayer":0,"_type":0,"_cutDirection":1},{"_time":210.75,"_lineIndex":3,"_lineLayer":1,"_type":1,"_cutDirection":0},{"_time":212,"_lineIndex":1,"_lineLayer":0,"_type":0,"_cutDirection":1},{"_time":212.5,"_lineIndex":2,"_lineLayer":0,"_type":1,"_cutDirection":1},{"_time":213,"_lineIndex":1,"_lineLayer":0,"_type":0,"_cutDirection":0},{"_time":213.25,"_lineIndex":2,"_lineLayer":0,"_type":1,"_cutDirection":0},{"_time":213.5,"_lineIndex":1,"_lineLayer":0,"_type":0,"_cutDirection":1},{"_time":213.75,"_lineIndex":2,"_lineLayer":0,"_type":1,"_cutDirection":1},{"_time":214,"_lineIndex":1,"_lineLayer":0,"_type":0,"_cutDirection":0},{"_time":214.5,"_lineIndex":2,"_lineLayer":0,"_type":1,"_cutDirection":0},{"_time":214.75,"_lineIndex":1,"_lineLayer":0,"_type":0,"_cutDirection":1},{"_time":215.66665649414063,"_lineIndex":0,"_lineLayer":1,"_type":0,"_cutDirection":2},{"_time":215.99998474121094,"_lineIndex":1,"_lineLayer":1,"_type":0,"_cutDirection":3},{"_time":216.66644287109375,"_lineIndex":3,"_lineLayer":1,"_type":1,"_cutDirection":3},{"_time":216.99977111816406,"_lineIndex":2,"_lineLayer":1,"_type":1,"_cutDirection":2},{"_time":217.75,"_lineIndex":1,"_lineLayer":0,"_type":0,"_cutDirection":1},{"_time":218,"_lineIndex":2,"_lineLayer":0,"_type":1,"_cutDirection":1},{"_time":218.25,"_lineIndex":1,"_lineLayer":0,"_type":0,"_cutDirection":0},{"_time":218.5,"_lineIndex":2,"_lineLayer":0,"_type":1,"_cutDirection":0},{"_time":218.75,"_lineIndex":1,"_lineLayer":0,"_type":0,"_cutDirection":1},{"_time":220,"_lineIndex":2,"_lineLayer":0,"_type":0,"_cutDirection":1},{"_time":220.5,"_lineIndex":3,"_lineLayer":0,"_type":1,"_cutDirection":1},{"_time":221,"_lineIndex":2,"_lineLayer":0,"_type":0,"_cutDirection":0},{"_time":221.5,"_lineIndex":3,"_lineLayer":0,"_type":1,"_cutDirection":0},{"_time":222,"_lineIndex":2,"_lineLayer":0,"_type":0,"_cutDirection":1},{"_time":222.25,"_lineIndex":3,"_lineLayer":0,"_type":1,"_cutDirection":1},{"_time":222.75,"_lineIndex":2,"_lineLayer":1,"_type":0,"_cutDirection":0},{"_time":224,"_lineIndex":1,"_lineLayer":0,"_type":1,"_cutDirection":1},{"_time":224.5,"_lineIndex":0,"_lineLayer":0,"_type":0,"_cutDirection":1},{"_time":225,"_lineIndex":1,"_lineLayer":0,"_type":1,"_cutDirection":0},{"_time":225.5,"_lineIndex":0,"_lineLayer":0,"_type":0,"_cutDirection":0},{"_time":226,"_lineIndex":1,"_lineLayer":0,"_type":1,"_cutDirection":1},{"_time":226.25,"_lineIndex":0,"_lineLayer":0,"_type":0,"_cutDirection":1},{"_time":226.75,"_lineIndex":1,"_lineLayer":1,"_type":1,"_cutDirection":0},{"_time":228,"_lineIndex":1,"_lineLayer":0,"_type":0,"_cutDirection":1},{"_time":228,"_lineIndex":2,"_lineLayer":0,"_type":1,"_cutDirection":1},{"_time":229,"_lineIndex":2,"_lineLayer":0,"_type":1,"_cutDirection":0},{"_time":229,"_lineIndex":1,"_lineLayer":0,"_type":0,"_cutDirection":0},{"_time":229.75,"_lineIndex":0,"_lineLayer":1,"_type":0,"_cutDirection":2},{"_time":230.5,"_lineIndex":3,"_lineLayer":1,"_type":1,"_cutDirection":3},{"_time":231,"_lineIndex":1,"_lineLayer":1,"_type":0,"_cutDirection":3},{"_time":231.5,"_lineIndex":2,"_lineLayer":1,"_type":1,"_cutDirection":2},{"_time":232.5,"_lineIndex":1,"_lineLayer":0,"_type":0,"_cutDirection":0},{"_time":233,"_lineIndex":2,"_lineLayer":0,"_type":1,"_cutDirection":0},{"_time":233.75,"_lineIndex":0,"_lineLayer":0,"_type":0,"_cutDirection":6},{"_time":234.5,"_lineIndex":3,"_lineLayer":0,"_type":1,"_cutDirection":7},{"_time":235,"_lineIndex":0,"_lineLayer":0,"_type":0,"_cutDirection":6},{"_time":235.5,"_lineIndex":3,"_lineLayer":0,"_type":1,"_cutDirection":7},{"_time":236.5,"_lineIndex":2,"_lineLayer":0,"_type":1,"_cutDirection":0},{"_time":237,"_lineIndex":1,"_lineLayer":0,"_type":0,"_cutDirection":1},{"_time":237.75,"_lineIndex":2,"_lineLayer":0,"_type":1,"_cutDirection":1},{"_time":238.5,"_lineIndex":0,"_lineLayer":1,"_type":0,"_cutDirection":2},{"_time":239,"_lineIndex":3,"_lineLayer":1,"_type":1,"_cutDirection":3},{"_time":239.5,"_lineIndex":1,"_lineLayer":0,"_type":0,"_cutDirection":1},{"_time":240.5,"_lineIndex":2,"_lineLayer":0,"_type":1,"_cutDirection":1},{"_time":241,"_lineIndex":1,"_lineLayer":0,"_type":0,"_cutDirection":0},{"_time":241.5,"_lineIndex":3,"_lineLayer":0,"_type":1,"_cutDirection":0},{"_time":242,"_lineIndex":0,"_lineLayer":1,"_type":0,"_cutDirection":2},{"_time":242.5,"_lineIndex":2,"_lineLayer":0,"_type":1,"_cutDirection":1},{"_time":243,"_lineIndex":0,"_lineLayer":0,"_type":0,"_cutDirection":6},{"_time":243.5,"_lineIndex":3,"_lineLayer":2,"_type":1,"_cutDirection":5},{"_time":244.5,"_lineIndex":2,"_lineLayer":0,"_type":1,"_cutDirection":1},{"_time":244.5,"_lineIndex":1,"_lineLayer":0,"_type":0,"_cutDirection":1},{"_time":245.25,"_lineIndex":1,"_lineLayer":0,"_type":0,"_cutDirection":0},{"_time":245.25,"_lineIndex":2,"_lineLayer":0,"_type":1,"_cutDirection":0},{"_time":245.75,"_lineIndex":0,"_lineLayer":1,"_type":0,"_cutDirection":2},{"_time":246.5,"_lineIndex":1,"_lineLayer":1,"_type":0,"_cutDirection":3},{"_time":247,"_lineIndex":0,"_lineLayer":1,"_type":0,"_cutDirection":2},{"_time":247.5,"_lineIndex":1,"_lineLayer":1,"_type":0,"_cutDirection":3},{"_time":248.5,"_lineIndex":2,"_lineLayer":0,"_type":1,"_cutDirection":1},{"_time":249,"_lineIndex":3,"_lineLayer":0,"_type":1,"_cutDirection":0},{"_time":250,"_lineIndex":3,"_lineLayer":1,"_type":1,"_cutDirection":3},{"_time":250.5,"_lineIndex":2,"_lineLayer":1,"_type":1,"_cutDirection":2},{"_time":251,"_lineIndex":3,"_lineLayer":1,"_type":1,"_cutDirection":3},{"_time":251.5,"_lineIndex":2,"_lineLayer":1,"_type":1,"_cutDirection":2},{"_time":252.5,"_lineIndex":1,"_lineLayer":0,"_type":0,"_cutDirection":1},{"_time":253.25,"_lineIndex":2,"_lineLayer":0,"_type":1,"_cutDirection":0},{"_time":253.75,"_lineIndex":1,"_lineLayer":0,"_type":0,"_cutDirection":0},{"_time":254.25,"_lineIndex":2,"_lineLayer":0,"_type":1,"_cutDirection":1},{"_time":254.75,"_lineIndex":0,"_lineLayer":0,"_type":0,"_cutDirection":6},{"_time":255.5,"_lineIndex":3,"_lineLayer":1,"_type":1,"_cutDirection":3},{"_time":256.5,"_lineIndex":1,"_lineLayer":0,"_type":0,"_cutDirection":1},{"_time":257,"_lineIndex":2,"_lineLayer":0,"_type":1,"_cutDirection":1},{"_time":257.5,"_lineIndex":1,"_lineLayer":0,"_type":0,"_cutDirection":0},{"_time":258,"_lineIndex":2,"_lineLayer":0,"_type":1,"_cutDirection":0},{"_time":258.5,"_lineIndex":2,"_lineLayer":0,"_type":1,"_cutDirection":1},{"_time":258.5,"_lineIndex":1,"_lineLayer":0,"_type":0,"_cutDirection":1},{"_time":259,"_lineIndex":2,"_lineLayer":1,"_type":1,"_cutDirection":0},{"_time":259,"_lineIndex":1,"_lineLayer":1,"_type":0,"_cutDirection":0},{"_time":260,"_lineIndex":1,"_lineLayer":0,"_type":0,"_cutDirection":1},{"_time":260,"_lineIndex":2,"_lineLayer":0,"_type":1,"_cutDirection":1},{"_time":261,"_lineIndex":1,"_lineLayer":0,"_type":0,"_cutDirection":0},{"_time":261,"_lineIndex":2,"_lineLayer":0,"_type":1,"_cutDirection":0},{"_time":262,"_lineIndex":0,"_lineLayer":1,"_type":0,"_cutDirection":2},{"_time":262.5,"_lineIndex":3,"_lineLayer":1,"_type":1,"_cutDirection":3},{"_time":263,"_lineIndex":1,"_lineLayer":1,"_type":0,"_cutDirection":3},{"_time":263.5,"_lineIndex":2,"_lineLayer":1,"_type":1,"_cutDirection":2},{"_time":264.75,"_lineIndex":1,"_lineLayer":0,"_type":0,"_cutDirection":0},{"_time":265.25,"_lineIndex":2,"_lineLayer":0,"_type":1,"_cutDirection":0},{"_time":266,"_lineIndex":0,"_lineLayer":0,"_type":0,"_cutDirection":6},{"_time":266.5,"_lineIndex":3,"_lineLayer":0,"_type":1,"_cutDirection":7},{"_time":267,"_lineIndex":0,"_lineLayer":0,"_type":0,"_cutDirection":6},{"_time":267.5,"_lineIndex":3,"_lineLayer":0,"_type":1,"_cutDirection":7},{"_time":268,"_lineIndex":1,"_lineLayer":0,"_type":0,"_cutDirection":0},{"_time":269,"_lineIndex":2,"_lineLayer":0,"_type":1,"_cutDirection":0},{"_time":269.75,"_lineIndex":0,"_lineLayer":1,"_type":0,"_cutDirection":2},{"_time":270.5,"_lineIndex":1,"_lineLayer":1,"_type":0,"_cutDirection":3},{"_time":271,"_lineIndex":3,"_lineLayer":1,"_type":1,"_cutDirection":3},{"_time":271.5,"_lineIndex":2,"_lineLayer":1,"_type":1,"_cutDirection":2},{"_time":272,"_lineIndex":1,"_lineLayer":0,"_type":0,"_cutDirection":1},{"_time":272.5,"_lineIndex":2,"_lineLayer":0,"_type":1,"_cutDirection":1},{"_time":273,"_lineIndex":1,"_lineLayer":0,"_type":0,"_cutDirection":0},{"_time":273.5,"_lineIndex":2,"_lineLayer":0,"_type":1,"_cutDirection":0},{"_time":274,"_lineIndex":1,"_lineLayer":0,"_type":0,"_cutDirection":1},{"_time":274.25,"_lineIndex":2,"_lineLayer":0,"_type":1,"_cutDirection":1},{"_time":274.5,"_lineIndex":1,"_lineLayer":0,"_type":0,"_cutDirection":0},{"_time":274.75,"_lineIndex":2,"_lineLayer":0,"_type":1,"_cutDirection":0},{"_time":275.5,"_lineIndex":3,"_lineLayer":1,"_type":1,"_cutDirection":3},{"_time":275.5,"_lineIndex":0,"_lineLayer":1,"_type":0,"_cutDirection":2},{"_time":276.5,"_lineIndex":1,"_lineLayer":0,"_type":0,"_cutDirection":0},{"_time":277.25,"_lineIndex":2,"_lineLayer":0,"_type":1,"_cutDirection":0},{"_time":277.75,"_lineIndex":0,"_lineLayer":1,"_type":0,"_cutDirection":2},{"_time":278.5,"_lineIndex":1,"_lineLayer":1,"_type":0,"_cutDirection":3},{"_time":279,"_lineIndex":0,"_lineLayer":1,"_type":0,"_cutDirection":2},{"_time":279.5,"_lineIndex":1,"_lineLayer":1,"_type":0,"_cutDirection":3},{"_time":280.5,"_lineIndex":2,"_lineLayer":0,"_type":1,"_cutDirection":1},{"_time":281,"_lineIndex":3,"_lineLayer":0,"_type":1,"_cutDirection":0},{"_time":282,"_lineIndex":3,"_lineLayer":1,"_type":1,"_cutDirection":3},{"_time":282.5,"_lineIndex":2,"_lineLayer":1,"_type":1,"_cutDirection":2},{"_time":283,"_lineIndex":3,"_lineLayer":1,"_type":1,"_cutDirection":3},{"_time":283.5,"_lineIndex":2,"_lineLayer":1,"_type":1,"_cutDirection":2},{"_time":284.5,"_lineIndex":1,"_lineLayer":0,"_type":0,"_cutDirection":0},{"_time":285.25,"_lineIndex":2,"_lineLayer":0,"_type":1,"_cutDirection":0},{"_time":286,"_lineIndex":1,"_lineLayer":0,"_type":0,"_cutDirection":1},{"_time":286.5,"_lineIndex":2,"_lineLayer":0,"_type":1,"_cutDirection":1},{"_time":287,"_lineIndex":0,"_lineLayer":2,"_type":0,"_cutDirection":4},{"_time":287.5,"_lineIndex":3,"_lineLayer":2,"_type":1,"_cutDirection":5},{"_time":288.5,"_lineIndex":0,"_lineLayer":1,"_type":0,"_cutDirection":2},{"_time":289,"_lineIndex":2,"_lineLayer":0,"_type":1,"_cutDirection":1},{"_time":289.5,"_lineIndex":1,"_lineLayer":0,"_type":0,"_cutDirection":1},{"_time":290,"_lineIndex":2,"_lineLayer":0,"_type":1,"_cutDirection":0},{"_time":290.5,"_lineIndex":1,"_lineLayer":0,"_type":0,"_cutDirection":0},{"_time":291,"_lineIndex":0,"_lineLayer":0,"_type":0,"_cutDirection":6},{"_time":291,"_lineIndex":2,"_lineLayer":1,"_type":1,"_cutDirection":7},{"_time":291,"_lineIndex":3,"_lineLayer":0,"_type":1,"_cutDirection":7},{"_time":291,"_lineIndex":3,"_lineLayer":1,"_type":3,"_cutDirection":7},{"_time":291,"_lineIndex":1,"_lineLayer":1,"_type":0,"_cutDirection":6},{"_time":291,"_lineIndex":0,"_lineLayer":1,"_type":3,"_cutDirection":7}],"_obstacles":[{"_time":31,"_lineIndex":0,"_type":0,"_duration":2,"_width":1},{"_time":33,"_lineIndex":3,"_type":0,"_duration":2,"_width":1},{"_time":130,"_lineIndex":3,"_type":0,"_duration":17,"_width":1},{"_time":130,"_lineIndex":0,"_type":0,"_duration":2,"_width":1},{"_time":148,"_lineIndex":0,"_type":0,"_duration":10,"_width":1},{"_time":192,"_lineIndex":3,"_type":0,"_duration":2.25,"_width":1},{"_time":192,"_lineIndex":0,"_type":0,"_duration":2.25,"_width":1},{"_time":203,"_lineIndex":3,"_type":0,"_duration":4,"_width":1},{"_time":204,"_lineIndex":2,"_type":0,"_duration":2,"_width":1},{"_time":207,"_lineIndex":0,"_type":0,"_duration":5,"_width":1},{"_time":208,"_lineIndex":1,"_type":0,"_duration":3,"_width":1},{"_time":219,"_lineIndex":0,"_type":0,"_duration":4,"_width":1},{"_time":220,"_lineIndex":1,"_type":0,"_duration":2,"_width":1},{"_time":223,"_lineIndex":3,"_type":0,"_duration":5,"_width":1},{"_time":224,"_lineIndex":2,"_type":0,"_duration":3,"_width":1}]}