{"songName":"LUVORATORRRRRY!","songSubName":"feat.nqrse","authorName":"Reol","beatsPerMinute":128,"previewStartTime":23.100000381469727,"previewDuration":20,"coverImagePath":"cover.jpg","environmentName":"TriangleEnvironment","difficultyLevels":[{"difficulty":"Normal","difficultyRank":2,"audioPath":"LUVORATORRRRRY.ogg","jsonPath":"Normal.json","offset":0,"oldOffset":0},{"difficulty":"Hard","difficultyRank":3,"audioPath":"LUVORATORRRRRY.ogg","jsonPath":"Hard.json","offset":0,"oldOffset":0},{"difficulty":"Expert","difficultyRank":4,"audioPath":"LUVORATORRRRRY.ogg","jsonPath":"Expert.json","offset":0,"oldOffset":0}]}